Id,Label
0,49
1,34
2,57
3,57
4,54
5,19
6,54
7,48
8,54
9,93
10,48
11,75
12,58
13,69
14,40
15,57
16,92
17,57
18,54
19,62
20,62
21,68
22,58
23,49
24,21
25,19
26,54
27,2
28,54
29,46
30,34
31,22
32,41
33,97
34,68
35,64
36,83
37,83
38,57
39,48
40,41
41,30
42,30
43,30
44,56
45,22
46,34
47,94
48,85
49,57
50,40
51,57
52,57
53,35
54,57
55,64
56,49
57,52
58,54
59,30
60,2
61,57
62,34
63,34
64,62
65,92
66,34
67,41
68,64
69,92
70,40
71,68
72,34
73,91
74,2
75,9
76,82
77,58
78,34
79,34
80,49
81,57
82,54
83,6
84,54
85,13
86,8
87,58
88,34
89,30
90,58
91,34
92,41
93,54
94,13
95,58
96,30
97,19
98,68
99,57
100,92
101,62
102,57
103,48
104,41
105,39
106,8
107,49
108,57
109,76
110,58
111,57
112,64
113,83
114,57
115,90
116,48
117,34
118,34
119,57
120,90
121,34
122,34
123,92
124,57
125,83
126,41
127,8
128,92
129,35
130,9
131,57
132,57
133,58
134,41
135,91
136,60
137,40
138,52
139,54
140,6
141,46
142,52
143,57
144,41
145,30
146,58
147,54
148,54
149,19
150,19
151,54
152,54
153,68
154,34
155,57
156,58
157,64
158,24
159,57
160,40
161,40
162,2
163,54
164,8
165,57
166,54
167,57
168,34
169,83
170,95
171,62
172,34
173,21
174,41
175,83
176,56
177,95
178,82
179,54
180,41
181,75
182,22
183,2
184,19
185,34
186,83
187,95
188,92
189,92
190,12
191,48
192,83
193,57
194,94
195,57
196,49
197,34
198,34
199,8
200,34
201,64
202,68
203,19
204,2
205,23
206,57
207,19
208,57
209,52
210,30
211,83
212,54
213,40
214,57
215,91
216,57
217,30
218,57
219,2
220,48
221,68
222,54
223,57
224,68
225,2
226,85
227,19
228,13
229,54
230,49
231,57
232,85
233,41
234,34
235,54
236,34
237,57
238,82
239,13
240,23
241,24
242,34
243,28
244,48
245,92
246,68
247,81
248,92
249,30
250,91
251,86
252,23
253,54
254,57
255,64
256,8
257,19
258,2
259,92
260,34
261,30
262,13
263,19
264,8
265,75
266,94
267,57
268,83
269,89
270,54
271,34
272,52
273,57
274,57
275,1
276,30
277,34
278,30
279,62
280,34
281,22
282,28
283,48
284,30
285,41
286,96
287,19
288,34
289,92
290,34
291,57
292,58
293,57
294,19
295,48
296,85
297,2
298,57
299,75
300,96
301,23
302,68
303,6
304,30
305,34
306,95
307,48
308,9
309,28
310,9
311,19
312,41
313,13
314,57
315,13
316,68
317,2
318,34
319,8
320,1
321,48
322,34
323,30
324,13
325,57
326,68
327,92
328,54
329,57
330,48
331,62
332,30
333,96
334,54
335,60
336,30
337,68
338,34
339,93
340,22
341,54
342,68
343,92
344,34
345,75
346,21
347,48
348,96
349,83
350,68
351,34
352,49
353,57
354,13
355,54
356,41
357,96
358,34
359,2
360,64
361,34
362,13
363,57
364,64
365,34
366,92
367,54
368,68
369,34
370,90
371,96
372,40
373,57
374,48
375,8
376,6
377,83
378,94
379,34
380,92
381,34
382,41
383,57
384,37
385,57
386,92
387,30
388,85
389,64
390,40
391,57
392,90
393,30
394,34
395,54
396,83
397,68
398,52
399,58
400,54
401,58
402,34
403,13
404,57
405,1
406,95
407,86
408,13
409,41
410,40
411,57
412,49
413,41
414,54
415,86
416,34
417,52
418,57
419,40
420,58
421,68
422,64
423,57
424,49
425,34
426,41
427,57
428,75
429,40
430,34
431,34
432,95
433,34
434,54
435,34
436,13
437,93
438,40
439,57
440,22
441,2
442,68
443,19
444,19
445,58
446,14
447,57
448,57
449,13
450,41
451,83
452,58
453,13
454,92
455,57
456,64
457,54
458,48
459,54
460,68
461,48
462,30
463,22
464,62
465,34
466,19
467,49
468,6
469,83
470,19
471,64
472,34
473,57
474,24
475,54
476,80
477,34
478,41
479,48
480,13
481,75
482,22
483,8
484,83
485,96
486,34
487,8
488,68
489,75
490,6
491,92
492,60
493,9
494,58
495,64
496,54
497,57
498,57
499,92
500,57
501,34
502,90
503,57
504,22
505,41
506,19
507,58
508,47
509,95
510,97
511,11
512,34
513,49
514,48
515,62
516,49
517,34
518,83
519,54
520,64
521,19
522,22
523,68
524,87
525,30
526,49
527,92
528,57
529,64
530,52
531,64
532,64
533,68
534,54
535,68
536,52
537,35
538,13
539,57
540,34
541,14
542,92
543,34
544,23
545,30
546,34
547,64
548,68
549,34
550,90
551,36
552,30
553,49
554,2
555,94
556,92
557,46
558,57
559,57
560,64
561,13
562,57
563,83
564,19
565,68
566,83
567,83
568,94
569,57
570,92
571,68
572,48
573,57
574,64
575,49
576,92
577,34
578,85
579,30
580,48
581,41
582,6
583,22
584,57
585,41
586,54
587,34
588,41
589,92
590,57
591,90
592,57
593,34
594,57
595,41
596,2
597,49
598,1
599,34
600,86
601,30
602,57
603,94
604,1
605,54
606,39
607,57
608,68
609,57
610,83
611,7
612,57
613,54
614,92
615,57
616,48
617,34
618,57
619,58
620,60
621,48
622,9
623,54
624,49
625,19
626,48
627,68
628,93
629,57
630,91
631,92
632,54
633,13
634,83
635,68
636,22
637,57
638,57
639,34
640,19
641,76
642,41
643,68
644,40
645,96
646,8
647,83
648,96
649,13
650,34
651,34
652,57
653,54
654,13
655,35
656,57
657,91
658,57
659,64
660,24
661,48
662,83
663,96
664,64
665,47
666,54
667,54
668,34
669,64
670,30
671,30
672,96
673,93
674,34
675,22
676,34
677,91
678,34
679,68
680,64
681,19
682,2
683,57
684,64
685,1
686,57
687,41
688,68
689,13
690,30
691,9
692,22
693,62
694,6
695,58
696,19
697,57
698,73
699,21
700,57
701,57
702,36
703,1
704,96
705,34
706,34
707,13
708,34
709,90
710,2
711,23
712,5
713,1
714,47
715,57
716,75
717,19
718,34
719,57
720,2
721,69
722,57
723,75
724,2
725,73
726,41
727,41
728,92
729,19
730,22
731,6
732,57
733,13
734,94
735,34
736,30
737,34
738,83
739,57
740,30
741,41
742,94
743,34
744,54
745,41
746,48
747,57
748,22
749,6
750,57
751,83
752,92
753,62
754,41
755,92
756,57
757,57
758,97
759,57
760,30
761,57
762,57
763,23
764,54
765,8
766,57
767,90
768,54
769,90
770,30
771,34
772,68
773,24
774,57
775,64
776,54
777,19
778,58
779,54
780,49
781,90
782,57
783,34
784,30
785,49
786,22
787,41
788,82
789,57
790,48
791,57
792,57
793,57
794,68
795,75
796,13
797,34
798,92
799,34
800,60
801,30
802,54
803,58
804,30
805,48
806,86
807,57
808,81
809,34
810,54
811,68
812,92
813,52
814,75
815,30
816,57
817,36
818,57
819,96
820,1
821,57
822,13
823,8
824,68
825,54
826,92
827,34
828,8
829,23
830,94
831,83
832,13
833,19
834,92
835,30
836,49
837,30
838,52
839,34
840,64
841,92
842,22
843,41
844,57
845,54
846,13
847,22
848,83
849,21
850,83
851,57
852,6
853,54
854,64
855,54
856,68
857,54
858,57
859,93
860,34
861,96
862,57
863,30
864,48
865,54
866,92
867,68
868,24
869,83
870,48
871,92
872,34
873,92
874,54
875,92
876,34
877,57
878,54
879,34
880,48
881,83
882,30
883,34
884,92
885,92
886,6
887,34
888,57
889,69
890,54
891,19
892,68
893,57
894,52
895,68
896,54
897,57
898,49
899,41
900,19
901,92
902,60
903,9
904,96
905,57
906,13
907,40
908,49
909,57
910,64
911,23
912,49
913,56
914,52
915,1
916,46
917,94
918,57
919,19
920,34
921,19
922,37
923,92
924,68
925,57
926,57
927,19
928,83
929,58
930,92
931,49
932,24
933,49
934,57
935,39
936,96
937,47
938,54
939,2
940,54
941,54
942,92
943,97
944,30
945,92
946,58
947,57
948,75
949,52
950,90
951,2
952,64
953,34
954,57
955,91
956,49
957,54
958,30
959,34
960,34
961,96
962,30
963,34
964,34
965,93
966,30
967,52
968,57
969,34
970,60
971,34
972,57
973,57
974,64
975,69
976,96
977,90
978,54
979,34
980,2
981,34
982,96
983,22
984,13
985,75
986,62
987,54
988,2
989,21
990,23
991,34
992,57
993,90
994,62
995,75
996,92
997,49
998,83
999,54
1000,64
1001,49
1002,92
1003,92
1004,19
1005,85
1006,24
1007,34
1008,30
1009,57
1010,92
1011,34
1012,34
1013,57
1014,92
1015,68
1016,68
1017,64
1018,57
1019,57
1020,41
1021,52
1022,34
1023,19
1024,54
1025,13
1026,13
1027,83
1028,21
1029,41
1030,21
1031,86
1032,92
1033,41
1034,13
1035,19
1036,57
1037,68
1038,76
1039,30
1040,40
1041,22
1042,83
1043,49
1044,34
1045,13
1046,30
1047,21
1048,40
1049,70
1050,9
1051,19
1052,57
1053,30
1054,24
1055,41
1056,85
1057,34
1058,19
1059,26
1060,62
1061,34
1062,6
1063,23
1064,49
1065,54
1066,39
1067,48
1068,19
1069,19
1070,41
1071,19
1072,57
1073,22
1074,49
1075,95
1076,68
1077,19
1078,7
1079,49
1080,57
1081,34
1082,57
1083,90
1084,92
1085,57
1086,54
1087,69
1088,96
1089,52
1090,57
1091,54
1092,13
1093,30
1094,68
1095,2
1096,48
1097,57
1098,13
1099,68
1100,19
1101,34
1102,13
1103,64
1104,76
1105,34
1106,68
1107,54
1108,19
1109,68
1110,92
1111,54
1112,34
1113,30
1114,57
1115,34
1116,58
1117,47
1118,9
1119,41
1120,58
1121,57
1122,93
1123,68
1124,64
1125,40
1126,64
1127,22
1128,85
1129,49
1130,41
1131,30
1132,47
1133,34
1134,6
1135,41
1136,0
1137,83
1138,92
1139,34
1140,30
1141,54
1142,57
1143,12
1144,52
1145,54
1146,2
1147,92
1148,68
1149,34
1150,22
1151,19
1152,35
1153,68
1154,54
1155,58
1156,34
1157,54
1158,52
1159,57
1160,83
1161,96
1162,2
1163,39
1164,34
1165,57
1166,95
1167,24
1168,21
1169,57
1170,52
1171,92
1172,54
1173,2
1174,52
1175,97
1176,95
1177,34
1178,60
1179,9
1180,68
1181,5
1182,34
1183,58
1184,1
1185,95
1186,34
1187,57
1188,37
1189,2
1190,8
1191,62
1192,40
1193,6
1194,49
1195,96
1196,57
1197,58
1198,52
1199,21
1200,26
1201,58
1202,24
1203,2
1204,2
1205,68
1206,92
1207,52
1208,94
1209,93
1210,34
1211,19
1212,13
1213,60
1214,83
1215,22
1216,49
1217,19
1218,22
1219,54
1220,26
1221,22
1222,22
1223,23
1224,34
1225,92
1226,68
1227,58
1228,34
1229,30
1230,13
1231,47
1232,57
1233,57
1234,34
1235,57
1236,54
1237,92
1238,88
1239,2
1240,19
1241,57
1242,52
1243,57
1244,24
1245,6
1246,2
1247,49
1248,92
1249,22
1250,54
1251,96
1252,48
1253,34
1254,34
1255,54
1256,22
1257,96
1258,54
1259,34
1260,57
1261,68
1262,23
1263,83
1264,8
1265,57
1266,34
1267,34
1268,96
1269,22
1270,46
1271,85
1272,68
1273,68
1274,54
1275,57
1276,34
1277,34
1278,92
1279,93
1280,60
1281,6
1282,68
1283,5
1284,48
1285,67
1286,41
1287,22
1288,34
1289,41
1290,19
1291,23
1292,69
1293,68
1294,46
1295,13
1296,49
1297,97
1298,68
1299,83
1300,34
1301,57
1302,41
1303,57
1304,95
1305,24
1306,96
1307,93
1308,92
1309,96
1310,57
1311,95
1312,19
1313,34
1314,13
1315,92
1316,6
1317,54
1318,48
1319,92
1320,57
1321,34
1322,68
1323,46
1324,13
1325,7
1326,68
1327,58
1328,21
1329,41
1330,92
1331,90
1332,34
1333,68
1334,1
1335,52
1336,26
1337,64
1338,54
1339,86
1340,57
1341,57
1342,54
1343,64
1344,92
1345,22
1346,52
1347,13
1348,26
1349,34
1350,83
1351,64
1352,57
1353,30
1354,30
1355,68
1356,34
1357,52
1358,90
1359,64
1360,92
1361,49
1362,94
1363,54
1364,76
1365,22
1366,41
1367,34
1368,57
1369,52
1370,34
1371,57
1372,96
1373,57
1374,57
1375,83
1376,34
1377,41
1378,64
1379,34
1380,57
1381,68
1382,58
1383,2
1384,30
1385,57
1386,75
1387,34
1388,34
1389,2
1390,19
1391,41
1392,57
1393,23
1394,64
1395,52
1396,68
1397,34
1398,68
1399,54
1400,57
1401,34
1402,12
1403,34
1404,48
1405,57
1406,13
1407,57
1408,19
1409,34
1410,75
1411,30
1412,68
1413,13
1414,30
1415,92
1416,96
1417,52
1418,96
1419,57
1420,96
1421,68
1422,57
1423,40
1424,96
1425,34
1426,57
1427,22
1428,22
1429,54
1430,87
1431,22
1432,57
1433,92
1434,24
1435,13
1436,91
1437,68
1438,9
1439,54
1440,19
1441,57
1442,75
1443,97
1444,46
1445,22
1446,57
1447,24
1448,75
1449,13
1450,40
1451,56
1452,88
1453,90
1454,1
1455,58
1456,92
1457,57
1458,90
1459,13
1460,57
1461,35
1462,40
1463,92
1464,19
1465,68
1466,30
1467,19
1468,54
1469,8
1470,8
1471,19
1472,34
1473,40
1474,68
1475,86
1476,40
1477,95
1478,41
1479,48
1480,24
1481,2
1482,34
1483,92
1484,92
1485,26
1486,28
1487,9
1488,19
1489,41
1490,13
1491,1
1492,83
1493,54
1494,54
1495,54
1496,34
1497,96
1498,2
1499,58
1500,22
1501,96
1502,91
1503,68
1504,92
1505,34
1506,34
1507,28
1508,94
1509,57
1510,12
1511,64
1512,95
1513,13
1514,9
1515,34
1516,90
1517,41
1518,40
1519,97
1520,41
1521,52
1522,8
1523,75
1524,2
1525,57
1526,54
1527,57
1528,86
1529,34
1530,41
1531,92
1532,34
1533,35
1534,54
1535,47
1536,49
1537,83
1538,57
1539,49
1540,2
1541,22
1542,83
1543,34
1544,57
1545,48
1546,54
1547,34
1548,13
1549,75
1550,6
1551,1
1552,90
1553,90
1554,30
1555,95
1556,35
1557,19
1558,30
1559,52
1560,57
1561,24
1562,9
1563,68
1564,34
1565,52
1566,52
1567,92
1568,58
1569,54
1570,13
1571,75
1572,34
1573,34
1574,57
1575,19
1576,30
1577,95
1578,92
1579,57
1580,54
1581,22
1582,52
1583,96
1584,36
1585,41
1586,48
1587,57
1588,49
1589,92
1590,82
1591,41
1592,57
1593,96
1594,19
1595,95
1596,96
1597,22
1598,57
1599,34
1600,68
1601,49
1602,41
1603,83
1604,68
1605,96
1606,40
1607,57
1608,92
1609,40
1610,54
1611,58
1612,57
1613,13
1614,76
1615,2
1616,34
1617,58
1618,57
1619,21
1620,58
1621,22
1622,40
1623,40
1624,58
1625,34
1626,19
1627,41
1628,83
1629,54
1630,54
1631,92
1632,21
1633,30
1634,48
1635,19
1636,52
1637,92
1638,92
1639,49
1640,52
1641,94
1642,8
1643,40
1644,57
1645,54
1646,92
1647,8
1648,54
1649,49
1650,53
1651,57
1652,34
1653,96
1654,83
1655,68
1656,23
1657,92
1658,57
1659,56
1660,64
1661,57
1662,13
1663,57
1664,13
1665,21
1666,76
1667,30
1668,75
1669,57
1670,90
1671,48
1672,58
1673,34
1674,48
1675,8
1676,19
1677,57
1678,40
1679,57
1680,57
1681,96
1682,68
1683,96
1684,13
1685,68
1686,41
1687,19
1688,34
1689,34
1690,34
1691,92
1692,41
1693,48
1694,48
1695,57
1696,28
1697,19
1698,57
1699,48
1700,57
1701,8
1702,53
1703,57
1704,13
1705,1
1706,62
1707,21
1708,21
1709,68
1710,34
1711,57
1712,92
1713,82
1714,22
1715,21
1716,30
1717,2
1718,96
1719,83
1720,41
1721,92
1722,30
1723,57
1724,47
1725,92
1726,92
1727,30
1728,18
1729,54
1730,34
1731,5
1732,85
1733,68
1734,26
1735,91
1736,90
1737,2
1738,83
1739,57
1740,58
1741,52
1742,54
1743,83
1744,30
1745,49
1746,7
1747,64
1748,49
1749,19
1750,30
1751,34
1752,58
1753,19
1754,57
1755,97
1756,68
1757,58
1758,48
1759,57
1760,92
1761,58
1762,22
1763,52
1764,57
1765,83
1766,40
1767,90
1768,34
1769,30
1770,49
1771,34
1772,57
1773,57
1774,19
1775,13
1776,52
1777,41
1778,54
1779,34
1780,57
1781,82
1782,57
1783,34
1784,86
1785,52
1786,52
1787,48
1788,64
1789,46
1790,19
1791,57
1792,83
1793,54
1794,83
1795,68
1796,40
1797,90
1798,92
1799,34
1800,34
1801,57
1802,68
1803,52
1804,6
1805,1
1806,83
1807,9
1808,9
1809,57
1810,23
1811,34
1812,48
1813,34
1814,68
1815,54
1816,30
1817,90
1818,57
1819,76
1820,57
1821,54
1822,2
1823,77
1824,54
1825,49
1826,34
1827,83
1828,49
1829,75
1830,52
1831,30
1832,49
1833,46
1834,48
1835,19
1836,34
1837,57
1838,41
1839,54
1840,30
1841,48
1842,57
1843,97
1844,30
1845,19
1846,92
1847,2
1848,22
1849,19
1850,48
1851,57
1852,49
1853,22
1854,83
1855,52
1856,68
1857,55
1858,68
1859,62
1860,54
1861,48
1862,94
1863,57
1864,90
1865,34
1866,30
1867,19
1868,23
1869,2
1870,83
1871,52
1872,57
1873,68
1874,40
1875,34
1876,60
1877,6
1878,92
1879,68
1880,86
1881,57
1882,57
1883,96
1884,83
1885,30
1886,68
1887,68
1888,22
1889,92
1890,2
1891,52
1892,24
1893,18
1894,13
1895,2
1896,56
1897,68
1898,23
1899,75
1900,94
1901,68
1902,52
1903,54
1904,60
1905,93
1906,90
1907,81
1908,57
1909,34
1910,40
1911,68
1912,34
1913,58
1914,19
1915,28
1916,13
1917,57
1918,34
1919,48
1920,80
1921,34
1922,96
1923,19
1924,28
1925,83
1926,34
1927,58
1928,86
1929,95
1930,87
1931,57
1932,9
1933,57
1934,54
1935,30
1936,34
1937,54
1938,57
1939,80
1940,54
1941,57
1942,96
1943,34
1944,41
1945,34
1946,57
1947,24
1948,34
1949,57
1950,49
1951,19
1952,86
1953,57
1954,48
1955,30
1956,95
1957,19
1958,34
1959,83
1960,68
1961,6
1962,49
1963,40
1964,34
1965,22
1966,57
1967,54
1968,41
1969,34
1970,30
1971,34
1972,30
1973,75
1974,95
1975,41
1976,75
1977,41
1978,46
1979,54
1980,19
1981,52
1982,22
1983,54
1984,58
1985,41
1986,30
1987,40
1988,23
1989,64
1990,34
1991,19
1992,2
1993,81
1994,1
1995,34
1996,34
1997,75
1998,68
1999,54
2000,92
2001,41
2002,80
2003,97
2004,60
2005,19
2006,2
2007,21
2008,93
2009,6
2010,34
2011,57
2012,62
2013,96
2014,34
2015,92
2016,41
2017,83
2018,54
2019,30
2020,2
2021,48
2022,57
2023,48
2024,23
2025,13
2026,58
2027,21
2028,57
2029,34
2030,95
2031,85
2032,52
2033,48
2034,2
2035,2
2036,91
2037,34
2038,34
2039,92
2040,23
2041,21
2042,57
2043,57
2044,68
2045,83
2046,97
2047,34
2048,57
2049,92
2050,21
2051,34
2052,68
2053,23
2054,95
2055,58
2056,96
2057,58
2058,83
2059,57
2060,49
2061,57
2062,91
2063,76
2064,2
2065,68
2066,48
2067,34
2068,22
2069,57
2070,19
2071,57
2072,5
2073,54
2074,13
2075,2
2076,22
2077,26
2078,19
2079,24
2080,57
2081,34
2082,75
2083,40
2084,48
2085,30
2086,48
2087,52
2088,22
2089,92
2090,57
2091,30
2092,21
2093,83
2094,64
2095,22
2096,13
2097,91
2098,57
2099,48
2100,64
2101,57
2102,34
2103,57
2104,30
2105,76
2106,41
2107,39
2108,56
2109,90
2110,57
2111,49
2112,41
2113,2
2114,52
2115,54
2116,34
2117,91
2118,22
2119,95
2120,57
2121,81
2122,68
2123,57
2124,13
2125,57
2126,34
2127,54
2128,2
2129,57
2130,57
2131,34
2132,54
2133,21
2134,13
2135,92
2136,19
2137,92
2138,30
2139,90
2140,92
2141,19
2142,34
2143,57
2144,52
2145,19
2146,57
2147,57
2148,57
2149,30
2150,52
2151,2
2152,57
2153,68
2154,58
2155,75
2156,2
2157,49
2158,34
2159,52
2160,6
2161,8
2162,54
2163,41
2164,49
2165,49
2166,23
2167,58
2168,92
2169,92
2170,68
2171,68
2172,57
2173,91
2174,86
2175,57
2176,57
2177,19
2178,13
2179,41
2180,86
2181,23
2182,90
2183,56
2184,57
2185,57
2186,64
2187,64
2188,57
2189,8
2190,34
2191,49
2192,40
2193,22
2194,57
2195,58
2196,49
2197,34
2198,8
2199,57
2200,57
2201,92
2202,34
2203,76
2204,54
2205,19
2206,13
2207,30
2208,30
2209,92
2210,75
2211,22
2212,57
2213,92
2214,34
2215,13
2216,57
2217,34
2218,91
2219,97
2220,92
2221,54
2222,48
2223,34
2224,19
2225,41
2226,93
2227,41
2228,58
2229,82
2230,1
2231,57
2232,57
2233,86
2234,62
2235,60
2236,68
2237,57
2238,83
2239,34
2240,57
2241,19
2242,34
2243,34
2244,30
2245,86
2246,54
2247,30
2248,41
2249,57
2250,90
2251,34
2252,19
2253,57
2254,48
2255,6
2256,34
2257,57
2258,34
2259,54
2260,56
2261,34
2262,86
2263,54
2264,57
2265,34
2266,34
2267,57
2268,6
2269,94
2270,47
2271,57
2272,6
2273,90
2274,83
2275,19
2276,48
2277,69
2278,19
2279,30
2280,30
2281,34
2282,34
2283,96
2284,49
2285,90
2286,68
2287,30
2288,92
2289,68
2290,2
2291,19
2292,92
2293,26
2294,40
2295,54
2296,13
2297,13
2298,68
2299,68
2300,83
2301,48
2302,57
2303,92
2304,49
2305,57
2306,85
2307,64
2308,40
2309,24
2310,47
2311,23
2312,68
2313,54
2314,21
2315,52
2316,2
2317,34
2318,34
2319,13
2320,49
2321,57
2322,68
2323,76
2324,95
2325,30
2326,93
2327,92
2328,54
2329,40
2330,54
2331,92
2332,18
2333,2
2334,94
2335,60
2336,57
2337,64
2338,75
2339,13
2340,94
2341,92
2342,64
2343,92
2344,34
2345,22
2346,30
2347,2
2348,57
2349,57
2350,30
2351,34
2352,64
2353,30
2354,69
2355,52
2356,57
2357,34
2358,22
2359,64
2360,19
2361,93
2362,58
2363,58
2364,9
2365,2
2366,19
2367,96
2368,13
2369,68
2370,39
2371,92
2372,13
2373,30
2374,57
2375,83
2376,90
2377,93
2378,64
2379,57
2380,41
2381,34
2382,57
2383,52
2384,57
2385,21
2386,57
2387,22
2388,34
2389,28
2390,19
2391,19
2392,90
2393,13
2394,54
2395,92
2396,34
2397,54
2398,22
2399,68
2400,54
2401,94
2402,57
2403,13
2404,39
2405,6
2406,45
2407,69
2408,52
2409,90
2410,54
2411,57
2412,40
2413,19
2414,83
2415,57
2416,30
2417,41
2418,49
2419,86
2420,34
2421,34
2422,19
2423,30
2424,64
2425,92
2426,19
2427,97
2428,92
2429,22
2430,83
2431,83
2432,83
2433,91
2434,54
2435,34
2436,92
2437,30
2438,19
2439,49
2440,2
2441,19
2442,30
2443,40
2444,30
2445,24
2446,34
2447,19
2448,49
2449,2
2450,93
2451,68
2452,26
2453,57
2454,57
2455,9
2456,83
2457,64
2458,95
2459,54
2460,41
2461,57
2462,19
2463,22
2464,19
2465,97
2466,57
2467,83
2468,41
2469,83
2470,24
2471,64
2472,12
2473,54
2474,68
2475,90
2476,41
2477,57
2478,57
2479,58
2480,58
2481,90
2482,54
2483,36
2484,58
2485,57
2486,57
2487,34
2488,83
2489,19
2490,57
2491,54
2492,13
2493,13
2494,8
2495,52
2496,30
2497,57
2498,48
2499,49
2500,54
2501,76
2502,21
2503,57
2504,60
2505,69
2506,52
2507,69
2508,57
2509,34
2510,9
2511,24
2512,92
2513,19
2514,49
2515,57
2516,62
2517,57
2518,48
2519,92
2520,68
2521,57
2522,34
2523,57
2524,49
2525,26
2526,64
2527,83
2528,64
2529,90
2530,62
2531,96
2532,30
2533,22
2534,57
2535,57
2536,64
2537,34
2538,49
2539,30
2540,19
2541,57
2542,68
2543,64
2544,34
2545,6
2546,40
2547,57
2548,13
2549,68
2550,8
2551,60
2552,2
2553,34
2554,19
2555,19
2556,13
2557,22
2558,13
2559,57
2560,62
2561,92
2562,58
2563,54
2564,57
2565,41
2566,58
2567,92
2568,13
2569,49
2570,96
2571,57
2572,92
2573,24
2574,30
2575,19
2576,83
2577,57
2578,68
2579,92
2580,90
2581,8
2582,57
2583,58
2584,58
2585,91
2586,57
2587,54
2588,68
2589,34
2590,64
2591,13
2592,73
2593,57
2594,52
2595,41
2596,75
2597,54
2598,85
2599,83
2600,19
2601,92
2602,85
2603,57
2604,57
2605,45
2606,68
2607,34
2608,64
2609,13
2610,54
2611,30
2612,21
2613,54
2614,83
2615,34
2616,75
2617,34
2618,39
2619,34
2620,57
2621,54
2622,57
2623,97
2624,90
2625,34
2626,56
2627,67
2628,52
2629,52
2630,92
2631,57
2632,68
2633,34
2634,54
2635,19
2636,13
2637,13
2638,19
2639,90
2640,64
2641,34
2642,8
2643,54
2644,68
2645,54
2646,24
2647,34
2648,83
2649,19
2650,19
2651,22
2652,54
2653,34
2654,52
2655,48
2656,64
2657,68
2658,64
2659,54
2660,13
2661,57
2662,48
2663,34
2664,57
2665,19
2666,92
2667,2
2668,22
2669,22
2670,48
2671,57
2672,52
2673,97
2674,22
2675,57
2676,57
2677,92
2678,64
2679,62
2680,54
2681,54
2682,34
2683,1
2684,20
2685,54
2686,57
2687,54
2688,91
2689,57
2690,85
2691,40
2692,54
2693,83
2694,54
2695,57
2696,54
2697,68
2698,85
2699,13
2700,49
2701,90
2702,58
2703,41
2704,34
2705,40
2706,41
2707,90
2708,83
2709,60
2710,49
2711,2
2712,13
2713,57
2714,57
2715,94
2716,68
2717,57
2718,34
2719,90
2720,57
2721,57
2722,13
2723,54
2724,68
2725,95
2726,57
2727,57
2728,40
2729,48
2730,57
2731,30
2732,95
2733,34
2734,96
2735,68
2736,57
2737,21
2738,87
2739,92
2740,96
2741,34
2742,64
2743,92
2744,49
2745,57
2746,95
2747,83
2748,52
2749,68
2750,2
2751,83
2752,36
2753,30
2754,57
2755,34
2756,34
2757,92
2758,86
2759,57
2760,57
2761,92
2762,94
2763,92
2764,34
2765,54
2766,6
2767,57
2768,38
2769,92
2770,85
2771,2
2772,30
2773,57
2774,92
2775,68
2776,34
2777,2
2778,19
2779,49
2780,40
2781,57
2782,92
2783,92
2784,46
2785,23
2786,57
2787,5
2788,41
2789,86
2790,34
2791,34
2792,57
2793,75
2794,49
2795,91
2796,34
2797,57
2798,54
2799,34
2800,96
2801,52
2802,48
2803,92
2804,54
2805,34
2806,57
2807,57
2808,23
2809,6
2810,60
2811,96
2812,57
2813,68
2814,82
2815,92
2816,91
2817,6
2818,34
2819,57
2820,34
2821,54
2822,9
2823,75
2824,96
2825,57
2826,57
2827,34
2828,54
2829,69
2830,54
2831,57
2832,58
2833,68
2834,19
2835,22
2836,57
2837,57
2838,96
2839,6
2840,86
2841,55
2842,34
2843,41
2844,41
2845,57
2846,2
2847,34
2848,92
2849,34
2850,49
2851,13
2852,34
2853,34
2854,83
2855,85
2856,82
2857,34
2858,21
2859,24
2860,34
2861,34
2862,13
2863,46
2864,54
2865,54
2866,48
2867,34
2868,58
2869,56
2870,92
2871,68
2872,2
2873,34
2874,64
2875,68
2876,57
2877,52
2878,2
2879,41
2880,92
2881,54
2882,58
2883,2
2884,34
2885,85
2886,57
2887,19
2888,94
2889,68
2890,83
2891,91
2892,68
2893,58
2894,57
2895,34
2896,92
2897,9
2898,75
2899,34
2900,21
2901,34
2902,57
2903,83
2904,83
2905,56
2906,6
2907,91
2908,49
2909,68
2910,22
2911,90
2912,64
2913,13
2914,97
2915,57
2916,2
2917,85
2918,62
2919,41
2920,34
2921,2
2922,13
2923,48
2924,34
2925,94
2926,57
2927,48
2928,48
2929,6
2930,68
2931,47
2932,30
2933,86
2934,34
2935,2
2936,58
2937,92
2938,83
2939,75
2940,58
2941,58
2942,57
2943,24
2944,22
2945,94
2946,13
2947,30
2948,34
2949,34
2950,2
2951,41
2952,68
2953,92
2954,41
2955,19
2956,48
2957,97
2958,30
2959,57
2960,54
2961,41
2962,96
2963,54
2964,40
2965,40
2966,57
2967,64
2968,41
2969,73
2970,64
2971,92
2972,83
2973,24
2974,95
2975,92
2976,93
2977,13
2978,2
2979,90
2980,22
2981,22
2982,54
2983,2
2984,75
2985,57
2986,81
2987,86
2988,46
2989,34
2990,57
2991,34
2992,58
2993,57
2994,13
2995,68
2996,2
2997,68
2998,34
2999,54
3000,64
3001,34
3002,40
3003,54
3004,64
3005,92
3006,28
3007,30
3008,19
3009,34
3010,2
3011,54
3012,26
3013,96
3014,57
3015,54
3016,57
3017,90
3018,8
3019,57
3020,68
3021,49
3022,54
3023,34
3024,34
3025,21
3026,58
3027,58
3028,83
3029,57
3030,34
3031,57
3032,34
3033,13
3034,96
3035,54
3036,2
3037,92
3038,34
3039,57
3040,46
3041,2
3042,86
3043,34
3044,52
3045,83
3046,68
3047,48
3048,28
3049,57
3050,34
3051,34
3052,2
3053,92
3054,49
3055,41
3056,92
3057,75
3058,68
3059,83
3060,76
3061,34
3062,92
3063,30
3064,41
3065,52
3066,83
3067,30
3068,68
3069,40
3070,8
3071,49
3072,85
3073,96
3074,39
3075,75
3076,52
3077,6
3078,54
3079,24
3080,8
3081,54
3082,64
3083,85
3084,68
3085,40
3086,41
3087,64
3088,54
3089,57
3090,14
3091,83
3092,34
3093,54
3094,6
3095,57
3096,90
3097,30
3098,54
3099,52
3100,58
3101,54
3102,91
3103,19
3104,46
3105,19
3106,56
3107,6
3108,19
3109,24
3110,19
3111,57
3112,57
3113,57
3114,19
3115,6
3116,39
3117,54
3118,68
3119,41
3120,30
3121,58
3122,83
3123,57
3124,33
3125,57
3126,34
3127,75
3128,57
3129,34
3130,8
3131,57
3132,54
3133,57
3134,39
3135,34
3136,1
3137,13
3138,48
3139,39
3140,96
3141,83
3142,68
3143,19
3144,23
3145,41
3146,76
3147,30
3148,94
3149,57
3150,76
3151,54
3152,49
3153,57
3154,52
3155,64
3156,19
3157,8
3158,30
3159,54
3160,46
3161,19
3162,34
3163,52
3164,52
3165,68
3166,19
3167,49
3168,93
3169,21
3170,40
3171,92
3172,64
3173,60
3174,92
3175,90
3176,57
3177,57
3178,47
3179,34
3180,57
3181,41
3182,96
3183,13
3184,19
3185,34
3186,34
3187,64
3188,83
3189,54
3190,92
3191,6
3192,34
3193,57
3194,41
3195,81
3196,24
3197,58
3198,54
3199,57
3200,54
3201,85
3202,19
3203,46
3204,68
3205,30
3206,92
3207,30
3208,34
3209,54
3210,54
3211,83
3212,91
3213,30
3214,54
3215,60
3216,57
3217,54
3218,52
3219,91
3220,68
3221,30
3222,48
3223,96
3224,94
3225,64
3226,57
3227,54
3228,39
3229,26
3230,41
3231,90
3232,57
3233,62
3234,34
3235,83
3236,13
3237,19
3238,2
3239,23
3240,48
3241,35
3242,96
3243,68
3244,54
3245,92
3246,68
3247,34
3248,48
3249,56
3250,19
3251,52
3252,30
3253,54
3254,34
3255,86
3256,48
3257,2
3258,34
3259,19
3260,92
3261,40
3262,34
3263,6
3264,30
3265,34
3266,96
3267,30
3268,35
3269,2
3270,57
3271,86
3272,30
3273,34
3274,2
3275,57
3276,57
3277,95
3278,54
3279,41
3280,22
3281,68
3282,40
3283,34
3284,52
3285,49
3286,2
3287,34
3288,13
3289,49
3290,90
3291,49
3292,57
3293,19
3294,1
3295,30
3296,49
3297,8
3298,30
3299,6
3300,30
3301,52
3302,68
3303,56
3304,68
3305,41
3306,19
3307,54
3308,83
3309,34
3310,30
3311,57
3312,58
3313,2
3314,57
3315,54
3316,68
3317,19
3318,2
3319,49
3320,24
3321,19
3322,34
3323,68
3324,68
3325,64
3326,2
3327,57
3328,57
3329,40
3330,68
3331,57
3332,92
3333,48
3334,48
3335,57
3336,77
3337,57
3338,22
3339,68
3340,19
3341,48
3342,68
3343,19
3344,34
3345,21
3346,64
3347,68
3348,22
3349,34
3350,90
3351,48
3352,64
3353,57
3354,45
3355,92
3356,48
3357,68
3358,83
3359,58
3360,57
3361,54
3362,34
3363,76
3364,41
3365,94
3366,57
3367,62
3368,57
3369,19
3370,8
3371,2
3372,75
3373,48
3374,57
3375,83
3376,26
3377,39
3378,83
3379,34
3380,30
3381,92
3382,34
3383,68
3384,90
3385,22
3386,19
3387,34
3388,30
3389,19
3390,96
3391,92
3392,49
3393,48
3394,26
3395,2
3396,1
3397,58
3398,90
3399,64
3400,83
3401,58
3402,57
3403,6
3404,75
3405,41
3406,92
3407,54
3408,93
3409,19
3410,13
3411,41
3412,57
3413,57
3414,54
3415,54
3416,68
3417,19
3418,2
3419,91
3420,83
3421,92
3422,90
3423,19
3424,60
3425,34
3426,22
3427,64
3428,58
3429,57
3430,54
3431,40
3432,47
3433,34
3434,8
3435,57
3436,60
3437,68
3438,64
3439,54
3440,30
3441,52
3442,48
3443,46
3444,9
3445,75
3446,41
3447,75
3448,54
3449,92
3450,49
3451,57
3452,8
3453,56
3454,57
3455,49
3456,8
3457,68
3458,54
3459,57
3460,57
3461,19
3462,83
3463,19
3464,52
3465,95
3466,49
3467,57
3468,92
3469,68
3470,57
3471,30
3472,92
3473,24
3474,96
3475,57
3476,19
3477,13
3478,68
3479,57
3480,75
3481,57
3482,52
3483,23
3484,57
3485,54
3486,34
3487,94
3488,95
3489,49
3490,64
3491,75
3492,83
3493,1
3494,23
3495,73
3496,34
3497,83
3498,34
3499,64
3500,12
3501,34
3502,92
3503,19
3504,54
3505,64
3506,57
3507,54
3508,41
3509,60
3510,54
3511,57
3512,83
3513,49
3514,58
3515,96
3516,54
3517,34
3518,92
3519,1
3520,90
3521,92
3522,57
3523,76
3524,30
3525,48
3526,57
3527,8
3528,21
3529,83
3530,95
3531,92
3532,58
3533,34
3534,54
3535,68
3536,58
3537,54
3538,64
3539,95
3540,94
3541,68
3542,57
3543,2
3544,86
3545,2
3546,90
3547,34
3548,57
3549,48
3550,57
3551,52
3552,64
3553,19
3554,1
3555,54
3556,19
3557,34
3558,64
3559,92
3560,30
3561,22
3562,77
3563,34
3564,13
3565,68
3566,57
3567,21
3568,34
3569,34
3570,8
3571,68
3572,30
3573,57
3574,96
3575,41
3576,41
3577,64
3578,2
3579,5
3580,68
3581,34
3582,52
3583,30
3584,19
3585,34
3586,48
3587,30
3588,96
3589,57
3590,75
3591,40
3592,83
3593,22
3594,8
3595,30
3596,41
3597,57
3598,6
3599,54
3600,19
3601,94
3602,1
3603,68
3604,30
3605,19
3606,54
3607,34
3608,57
3609,41
3610,57
3611,13
3612,30
3613,54
3614,19
3615,34
3616,54
3617,30
3618,86
3619,57
3620,64
3621,34
3622,34
3623,54
3624,96
3625,54
3626,34
3627,87
3628,19
3629,22
3630,85
3631,96
3632,62
3633,30
3634,54
3635,52
3636,13
3637,52
3638,57
3639,48
3640,68
3641,41
3642,68
3643,68
3644,57
3645,52
3646,34
3647,90
3648,19
3649,95
3650,86
3651,64
3652,57
3653,21
3654,33
3655,13
3656,68
3657,57
3658,35
3659,40
3660,64
3661,30
3662,68
3663,57
3664,22
3665,85
3666,93
3667,41
3668,19
3669,1
3670,8
3671,41
3672,23
3673,34
3674,41
3675,58
3676,8
3677,68
3678,30
3679,54
3680,94
3681,52
3682,19
3683,22
3684,57
3685,24
3686,62
3687,22
3688,23
3689,34
3690,57
3691,62
3692,19
3693,8
3694,54
3695,52
3696,13
3697,57
3698,48
3699,34
3700,57
3701,56
3702,92
3703,57
3704,68
3705,45
3706,68
3707,85
3708,92
3709,21
3710,49
3711,23
3712,83
3713,1
3714,54
3715,48
3716,19
3717,55
3718,54
3719,49
3720,19
3721,68
3722,19
3723,13
3724,57
3725,83
3726,95
3727,90
3728,30
3729,34
3730,57
3731,91
3732,19
3733,57
3734,92
3735,52
3736,57
3737,13
3738,30
3739,41
3740,90
3741,30
3742,34
3743,68
3744,34
3745,95
3746,37
3747,34
3748,24
3749,80
3750,57
3751,57
3752,83
3753,68
3754,34
3755,19
3756,68
3757,57
3758,96
3759,13
3760,48
3761,57
3762,68
3763,85
3764,46
3765,34
3766,68
3767,1
3768,77
3769,49
3770,57
3771,8
3772,2
3773,56
3774,49
3775,13
3776,26
3777,64
3778,34
3779,2
3780,57
3781,83
3782,57
3783,52
3784,57
3785,55
3786,1
3787,94
3788,13
3789,57
3790,24
3791,96
3792,52
3793,2
3794,54
3795,41
3796,68
3797,9
3798,48
3799,68
3800,90
3801,83
3802,86
3803,19
3804,91
3805,34
3806,92
3807,48
3808,57
3809,90
3810,49
3811,47
3812,57
3813,68
3814,13
3815,81
3816,2
3817,57
3818,52
3819,90
3820,49
3821,19
3822,46
3823,92
3824,58
3825,48
3826,13
3827,2
3828,57
3829,68
3830,19
3831,92
3832,57
3833,68
3834,22
3835,49
3836,21
3837,30
3838,49
3839,8
3840,34
3841,92
3842,52
3843,30
3844,57
3845,21
3846,90
3847,92
3848,26
3849,22
3850,54
3851,69
3852,13
3853,83
3854,57
3855,92
3856,13
3857,19
3858,57
3859,57
3860,73
3861,57
3862,54
3863,97
3864,14
3865,15
3866,19
3867,2
3868,13
3869,57
3870,57
3871,69
3872,30
3873,8
3874,41
3875,57
3876,52
3877,22
3878,49
3879,2
3880,34
3881,2
3882,34
3883,34
3884,83
3885,62
3886,2
3887,68
3888,97
3889,14
3890,54
3891,22
3892,97
3893,57
3894,13
3895,58
3896,57
3897,57
3898,96
3899,2
3900,13
3901,68
3902,34
3903,92
3904,34
3905,60
3906,57
3907,34
3908,64
3909,19
3910,83
3911,30
3912,57
3913,52
3914,8
3915,68
3916,72
3917,24
3918,54
3919,91
3920,52
3921,6
3922,1
3923,41
3924,92
3925,57
3926,95
3927,39
3928,30
3929,30
3930,34
3931,60
3932,54
3933,49
3934,75
3935,68
3936,34
3937,56
3938,23
3939,19
3940,86
3941,76
3942,60
3943,83
3944,57
3945,34
3946,57
3947,57
3948,9
3949,56
3950,76
3951,64
3952,57
3953,92
3954,90
3955,58
3956,95
3957,75
3958,96
3959,96
3960,48
3961,2
3962,83
3963,34
3964,30
3965,96
3966,19
3967,54
3968,34
3969,47
3970,52
3971,41
3972,64
3973,68
3974,96
3975,96
3976,57
3977,54
3978,95
3979,46
3980,68
3981,57
3982,19
3983,58
3984,77
3985,57
3986,58
3987,34
3988,21
3989,24
3990,86
3991,90
3992,19
3993,83
3994,34
3995,6
3996,6
3997,57
3998,40
3999,52
4000,68
4001,69
4002,57
4003,34
4004,34
4005,77
4006,54
4007,13
4008,13
4009,54
4010,13
4011,48
4012,34
4013,83
4014,58
4015,13
4016,30
4017,30
4018,54
4019,13
4020,57
4021,14
4022,92
4023,57
4024,2
4025,49
4026,76
4027,13
4028,48
4029,9
4030,41
4031,94
4032,68
4033,92
4034,13
4035,52
4036,34
4037,54
4038,41
4039,57
4040,26
4041,49
4042,19
4043,64
4044,22
4045,56
4046,34
4047,41
4048,34
4049,34
4050,81
4051,57
4052,94
4053,13
4054,57
4055,24
4056,68
4057,92
4058,57
4059,19
4060,56
4061,57
4062,92
4063,97
4064,41
4065,19
4066,57
4067,64
4068,48
4069,92
4070,19
4071,57
4072,34
4073,19
4074,95
4075,41
4076,46
4077,34
4078,57
4079,64
4080,48
4081,51
4082,2
4083,68
4084,57
4085,30
4086,52
4087,58
4088,49
4089,34
4090,34
4091,92
4092,30
4093,40
4094,41
4095,83
4096,30
4097,34
4098,34
4099,57
4100,22
4101,57
4102,24
4103,57
4104,39
4105,69
4106,8
4107,34
4108,8
4109,57
4110,54
4111,22
4112,92
4113,18
4114,41
4115,54
4116,24
4117,92
4118,34
4119,64
4120,48
4121,68
4122,49
4123,41
4124,60
4125,95
4126,57
4127,34
4128,92
4129,58
4130,68
4131,54
4132,92
4133,57
4134,68
4135,92
4136,13
4137,12
4138,34
4139,24
4140,57
4141,54
4142,54
4143,13
4144,83
4145,57
4146,64
4147,48
4148,92
4149,90
4150,57
4151,92
4152,49
4153,64
4154,54
4155,34
4156,54
4157,41
4158,13
4159,57
4160,30
4161,41
4162,87
4163,22
4164,57
4165,30
4166,92
4167,90
4168,34
4169,73
4170,12
4171,62
4172,49
4173,13
4174,83
4175,92
4176,28
4177,34
4178,34
4179,57
4180,2
4181,48
4182,34
4183,40
4184,22
4185,13
4186,26
4187,12
4188,92
4189,68
4190,41
4191,21
4192,49
4193,54
4194,13
4195,22
4196,57
4197,46
4198,75
4199,13
4200,90
4201,68
4202,30
4203,57
4204,86
4205,83
4206,2
4207,30
4208,57
4209,37
4210,90
4211,68
4212,49
4213,52
4214,24
4215,48
4216,54
4217,83
4218,8
4219,34
4220,49
4221,57
4222,34
4223,13
4224,92
4225,64
4226,57
4227,2
4228,68
4229,92
4230,54
4231,19
4232,85
4233,54
4234,34
4235,30
4236,5
4237,19
4238,19
4239,57
4240,92
4241,36
4242,75
4243,86
4244,30
4245,83
4246,64
4247,46
4248,48
4249,34
4250,19
4251,68
4252,34
4253,54
4254,92
4255,34
4256,54
4257,54
4258,86
4259,20
4260,49
4261,90
4262,49
4263,57
4264,34
4265,41
4266,92
4267,80
4268,57
4269,68
4270,64
4271,64
4272,18
4273,57
4274,8
4275,73
4276,19
4277,2
4278,30
4279,19
4280,57
4281,22
4282,30
4283,57
4284,5
4285,64
4286,57
4287,86
4288,19
4289,83
4290,13
4291,12
4292,34
4293,64
4294,34
4295,57
4296,13
4297,57
4298,57
4299,13
4300,30
4301,2
4302,23
4303,34
4304,92
4305,19
4306,34
4307,47
4308,34
4309,57
4310,60
4311,96
4312,39
4313,92
4314,57
4315,1
4316,58
4317,58
4318,54
4319,34
4320,34
4321,13
4322,13
4323,9
4324,22
4325,68
4326,57
4327,68
4328,54
4329,34
4330,96
4331,57
4332,57
4333,92
4334,94
4335,57
4336,54
4337,52
4338,23
4339,68
4340,83
4341,23
4342,75
4343,97
4344,68
4345,54
4346,57
4347,34
4348,48
4349,19
4350,34
4351,30
4352,57
4353,57
4354,64
4355,57
4356,68
4357,34
4358,49
4359,19
4360,57
4361,2
4362,52
4363,19
4364,48
4365,92
4366,13
4367,57
4368,19
4369,39
4370,56
4371,49
4372,57
4373,54
4374,6
4375,34
4376,83
4377,57
4378,19
4379,49
4380,95
4381,49
4382,5
4383,54
4384,58
4385,94
4386,54
4387,92
4388,30
4389,34
4390,57
4391,39
4392,24
4393,9
4394,41
4395,34
4396,54
4397,34
4398,52
4399,46
4400,24
4401,24
4402,34
4403,83
4404,68
4405,96
4406,68
4407,34
4408,49
4409,19
4410,34
4411,92
4412,19
4413,13
4414,68
4415,90
4416,68
4417,92
4418,41
4419,19
4420,2
4421,68
4422,34
4423,48
4424,13
4425,41
4426,34
4427,58
4428,57
4429,34
4430,92
4431,96
4432,57
4433,83
4434,13
4435,57
4436,19
4437,49
4438,96
4439,94
4440,19
4441,34
4442,2
4443,86
4444,2
4445,57
4446,41
4447,64
4448,64
4449,34
4450,92
4451,57
4452,57
4453,57
4454,34
4455,6
4456,75
4457,57
4458,54
4459,54
4460,52
4461,92
4462,41
4463,91
4464,86
4465,52
4466,57
4467,2
4468,22
4469,64
4470,13
4471,57
4472,7
4473,5
4474,19
4475,58
4476,64
4477,75
4478,75
4479,30
4480,83
4481,13
4482,57
4483,13
4484,36
4485,64
4486,57
4487,57
4488,57
4489,58
4490,19
4491,19
4492,54
4493,34
4494,19
4495,57
4496,34
4497,47
4498,13
4499,96
4500,90
4501,41
4502,92
4503,30
4504,41
4505,91
4506,58
4507,68
4508,68
4509,19
4510,13
4511,22
4512,40
4513,57
4514,34
4515,19
4516,1
4517,13
4518,54
4519,92
4520,83
4521,48
4522,30
4523,2
4524,30
4525,33
4526,2
4527,34
4528,57
4529,5
4530,96
4531,57
4532,75
4533,90
4534,92
4535,58
4536,57
4537,64
4538,19
4539,40
4540,49
4541,68
4542,52
4543,92
4544,57
4545,57
4546,56
4547,56
4548,13
4549,57
4550,21
4551,54
4552,34
4553,52
4554,75
4555,8
4556,60
4557,62
4558,26
4559,2
4560,34
4561,57
4562,54
4563,49
4564,13
4565,92
4566,49
4567,54
4568,85
4569,8
4570,2
4571,49
4572,92
4573,69
4574,34
4575,2
4576,57
4577,54
4578,41
4579,48
4580,30
4581,47
4582,52
4583,57
4584,68
4585,13
4586,13
4587,92
4588,92
4589,2
4590,19
4591,57
4592,13
4593,57
4594,57
4595,41
4596,96
4597,49
4598,68
4599,9
4600,92
4601,93
4602,97
4603,24
4604,96
4605,68
4606,57
4607,22
4608,34
4609,34
4610,57
4611,34
4612,13
4613,92
4614,30
4615,49
4616,57
4617,52
4618,68
4619,23
4620,12
4621,34
4622,34
4623,13
4624,57
4625,57
4626,21
4627,19
4628,41
4629,22
4630,2
4631,34
4632,52
4633,54
4634,64
4635,57
4636,68
4637,34
4638,46
4639,57
4640,48
4641,92
4642,23
4643,30
4644,41
4645,90
4646,54
4647,2
4648,57
4649,94
4650,49
4651,68
4652,30
4653,34
4654,2
4655,94
4656,58
4657,52
4658,90
4659,46
4660,68
4661,90
4662,96
4663,49
4664,94
4665,22
4666,57
4667,8
4668,91
4669,96
4670,54
4671,34
4672,57
4673,57
4674,58
4675,48
4676,62
4677,34
4678,58
4679,57
4680,13
4681,46
4682,68
4683,57
4684,83
4685,57
4686,19
4687,54
4688,57
4689,57
4690,46
4691,52
4692,64
4693,75
4694,12
4695,57
4696,80
4697,57
4698,9
4699,54
4700,19
4701,62
4702,54
4703,34
4704,58
4705,54
4706,34
4707,57
4708,41
4709,40
4710,34
4711,34
4712,34
4713,54
4714,34
4715,19
4716,58
4717,8
4718,13
4719,96
4720,2
4721,68
4722,8
4723,94
4724,64
4725,40
4726,57
4727,34
4728,8
4729,96
4730,90
4731,58
4732,96
4733,77
4734,34
4735,54
4736,57
4737,57
4738,1
4739,68
4740,58
4741,41
4742,92
4743,30
4744,76
4745,86
4746,57
4747,58
4748,57
4749,64
4750,2
4751,34
4752,92
4753,83
4754,34
4755,57
4756,90
4757,34
4758,57
4759,30
4760,92
4761,28
4762,58
4763,68
4764,95
4765,95
4766,54
4767,83
4768,52
4769,30
4770,30
4771,13
4772,57
4773,58
4774,49
4775,57
4776,30
4777,49
4778,57
4779,57
4780,57
4781,24
4782,30
4783,68
4784,68
4785,57
4786,64
4787,57
4788,13
4789,2
4790,92
4791,57
4792,57
4793,12
4794,95
4795,52
4796,24
4797,92
4798,23
4799,22
4800,34
4801,90
4802,68
4803,49
4804,26
4805,68
4806,22
4807,49
4808,68
4809,67
4810,2
4811,54
4812,34
4813,1
4814,2
4815,57
4816,30
4817,57
4818,68
4819,57
4820,34
4821,58
4822,21
4823,83
4824,52
4825,34
4826,30
4827,34
4828,34
4829,2
4830,30
4831,92
4832,57
4833,34
4834,23
4835,6
4836,2
4837,41
4838,48
4839,83
4840,34
4841,23
4842,92
4843,64
4844,13
4845,64
4846,54
4847,68
4848,9
4849,68
4850,57
4851,96
4852,68
4853,40
4854,34
4855,54
4856,92
4857,76
4858,54
4859,94
4860,75
4861,57
4862,48
4863,1
4864,58
4865,57
4866,68
4867,19
4868,1
4869,34
4870,58
4871,34
4872,57
4873,19
4874,13
4875,19
4876,9
4877,54
4878,34
4879,19
4880,86
4881,86
4882,34
4883,48
4884,54
4885,54
4886,34
4887,41
4888,76
4889,57
4890,34
4891,68
4892,48
4893,49
4894,35
4895,2
4896,13
4897,30
4898,48
4899,22
4900,34
4901,34
4902,94
4903,34
4904,57
4905,48
4906,57
4907,75
4908,41
4909,95
4910,54
4911,19
4912,83
4913,57
4914,80
4915,41
4916,54
4917,94
4918,8
4919,69
4920,23
4921,13
4922,57
4923,57
4924,58
4925,52
4926,57
4927,48
4928,54
4929,8
4930,49
4931,13
4932,92
4933,94
4934,86
4935,34
4936,34
4937,2
4938,64
4939,54
4940,30
4941,24
4942,12
4943,34
4944,41
4945,40
4946,57
4947,94
4948,57
4949,54
4950,68
4951,24
4952,30
4953,54
4954,57
4955,54
4956,62
4957,96
4958,92
4959,30
4960,34
4961,57
4962,62
4963,83
4964,93
4965,57
4966,19
4967,49
4968,92
4969,41
4970,75
4971,64
4972,75
4973,68
4974,41
4975,47
4976,75
4977,83
4978,62
4979,28
4980,48
4981,57
4982,92
4983,64
4984,64
4985,34
4986,85
4987,96
4988,54
4989,53
4990,54
4991,34
4992,92
4993,57
4994,97
4995,57
4996,54
4997,58
4998,48
4999,64
5000,41
5001,83
5002,92
5003,19
5004,23
5005,82
5006,49
5007,95
5008,58
5009,19
5010,34
5011,19
5012,40
5013,57
5014,68
5015,96
5016,57
5017,54
5018,68
5019,92
5020,49
5021,1
5022,57
5023,30
5024,34
5025,57
5026,2
5027,57
5028,54
5029,1
5030,9
5031,41
5032,52
5033,34
5034,34
5035,68
5036,52
5037,41
5038,19
5039,49
5040,34
5041,68
5042,40
5043,21
5044,28
5045,68
5046,94
5047,92
5048,86
5049,52
5050,41
5051,57
5052,57
5053,41
5054,57
5055,34
5056,57
5057,41
5058,64
5059,9
5060,64
5061,57
5062,69
5063,13
5064,48
5065,92
5066,58
5067,19
5068,13
5069,34
5070,83
5071,57
5072,57
5073,68
5074,8
5075,75
5076,41
5077,41
5078,8
5079,34
5080,2
5081,58
5082,2
5083,57
5084,19
5085,64
5086,58
5087,34
5088,75
5089,21
5090,21
5091,58
5092,22
5093,68
5094,52
5095,41
5096,2
5097,34
5098,68
5099,92
5100,23
5101,54
5102,41
5103,34
5104,30
5105,30
5106,96
5107,19
5108,57
5109,54
5110,58
5111,91
5112,48
5113,34
5114,92
5115,12
5116,22
5117,36
5118,57
5119,69
5120,21
5121,68
5122,56
5123,92
5124,37
5125,41
5126,2
5127,58
5128,34
5129,58
5130,68
5131,2
5132,86
5133,68
5134,33
5135,64
5136,68
5137,49
5138,26
5139,54
5140,54
5141,57
5142,94
5143,57
5144,57
5145,57
5146,58
5147,2
5148,57
5149,68
5150,57
5151,95
5152,54
5153,68
5154,24
5155,83
5156,41
5157,30
5158,47
5159,57
5160,57
5161,54
5162,48
5163,22
5164,75
5165,48
5166,22
5167,92
5168,83
5169,13
5170,57
5171,8
5172,46
5173,30
5174,94
5175,58
5176,90
5177,54
5178,54
5179,58
5180,1
5181,94
5182,58
5183,46
5184,13
5185,92
5186,68
5187,49
5188,54
5189,58
5190,30
5191,41
5192,49
5193,30
5194,68
5195,68
5196,49
5197,46
5198,57
5199,8
5200,54
5201,13
5202,22
5203,5
5204,57
5205,60
5206,34
5207,64
5208,90
5209,96
5210,23
5211,1
5212,68
5213,48
5214,57
5215,57
5216,22
5217,75
5218,57
5219,34
5220,64
5221,30
5222,57
5223,52
5224,19
5225,49
5226,34
5227,68
5228,30
5229,22
5230,92
5231,34
5232,68
5233,57
5234,34
5235,52
5236,93
5237,52
5238,57
5239,58
5240,60
5241,49
5242,57
5243,34
5244,24
5245,56
5246,95
5247,48
5248,76
5249,40
5250,54
5251,57
5252,21
5253,34
5254,34
5255,30
5256,46
5257,68
5258,54
5259,68
5260,82
5261,19
5262,30
5263,96
5264,54
5265,52
5266,56
5267,60
5268,95
5269,54
5270,57
5271,92
5272,90
5273,48
5274,14
5275,30
5276,54
5277,57
5278,13
5279,34
5280,68
5281,68
5282,92
5283,30
5284,57
5285,13
5286,57
5287,49
5288,26
5289,46
5290,57
5291,54
5292,92
5293,68
5294,58
5295,48
5296,57
5297,92
5298,57
5299,75
5300,34
5301,49
5302,34
5303,57
5304,40
5305,30
5306,19
5307,57
5308,54
5309,57
5310,22
5311,19
5312,34
5313,60
5314,57
5315,86
5316,2
5317,58
5318,57
5319,58
5320,34
5321,19
5322,6
5323,60
5324,40
5325,54
5326,83
5327,30
5328,57
5329,34
5330,57
5331,57
5332,62
5333,58
5334,34
5335,30
5336,2
5337,69
5338,46
5339,54
5340,1
5341,54
5342,57
5343,13
5344,52
5345,62
5346,8
5347,23
5348,92
5349,54
5350,58
5351,57
5352,34
5353,19
5354,19
5355,76
5356,57
5357,30
5358,34
5359,48
5360,2
5361,36
5362,48
5363,57
5364,57
5365,57
5366,34
5367,85
5368,30
5369,40
5370,83
5371,80
5372,83
5373,8
5374,68
5375,54
5376,57
5377,64
5378,64
5379,49
5380,95
5381,54
5382,83
5383,64
5384,49
5385,19
5386,40
5387,83
5388,57
5389,19
5390,57
5391,34
5392,58
5393,62
5394,54
5395,22
5396,19
5397,24
5398,86
5399,39
5400,90
5401,54
5402,54
5403,19
5404,92
5405,34
5406,68
5407,13
5408,23
5409,34
5410,52
5411,22
5412,57
5413,56
5414,83
5415,41
5416,48
5417,8
5418,48
5419,19
5420,23
5421,75
5422,34
5423,12
5424,54
5425,64
5426,57
5427,96
5428,34
5429,85
5430,19
5431,57
5432,94
5433,19
5434,52
5435,54
5436,92
5437,75
5438,62
5439,68
5440,9
5441,57
5442,68
5443,30
5444,57
5445,19
5446,40
5447,49
5448,56
5449,34
5450,92
5451,6
5452,92
5453,34
5454,48
5455,60
5456,57
5457,57
5458,34
5459,19
5460,48
5461,64
5462,49
5463,49
5464,23
5465,68
5466,41
5467,13
5468,95
5469,41
5470,52
5471,64
5472,34
5473,57
5474,92
5475,91
5476,83
5477,13
5478,57
5479,34
5480,58
5481,8
5482,22
5483,19
5484,96
5485,83
5486,23
5487,34
5488,30
5489,96
5490,54
5491,1
5492,68
5493,57
5494,22
5495,19
5496,86
5497,14
5498,57
5499,64
5500,54
5501,34
5502,85
5503,19
5504,48
5505,48
5506,6
5507,19
5508,97
5509,76
5510,34
5511,57
5512,34
5513,34
5514,54
5515,57
5516,57
5517,34
5518,19
5519,95
5520,54
5521,62
5522,8
5523,57
5524,54
5525,19
5526,13
5527,54
5528,96
5529,6
5530,24
5531,41
5532,1
5533,75
5534,57
5535,19
5536,81
5537,68
5538,52
5539,57
5540,64
5541,57
5542,49
5543,96
5544,13
5545,64
5546,34
5547,49
5548,95
5549,57
5550,57
5551,68
5552,2
5553,92
5554,30
5555,57
5556,24
5557,68
5558,82
5559,24
5560,91
5561,60
5562,39
5563,52
5564,17
5565,92
5566,46
5567,23
5568,58
5569,34
5570,34
5571,57
5572,48
5573,34
5574,19
5575,13
5576,57
5577,92
5578,13
5579,58
5580,68
5581,49
5582,12
5583,8
5584,54
5585,30
5586,23
5587,54
5588,41
5589,33
5590,68
5591,75
5592,92
5593,41
5594,92
5595,34
5596,48
5597,54
5598,64
5599,22
5600,75
5601,34
5602,2
5603,57
5604,34
5605,75
5606,64
5607,92
5608,30
5609,68
5610,57
5611,23
5612,48
5613,64
5614,68
5615,19
5616,54
5617,58
5618,79
5619,34
5620,52
5621,19
5622,54
5623,57
5624,86
5625,22
5626,54
5627,34
5628,13
5629,96
5630,68
5631,54
5632,54
5633,30
5634,90
5635,68
5636,2
5637,68
5638,96
5639,34
5640,41
5641,40
5642,41
5643,62
5644,92
5645,92
5646,57
5647,58
5648,13
5649,57
5650,34
5651,30
5652,23
5653,57
5654,58
5655,26
5656,30
5657,60
5658,57
5659,19
5660,13
5661,52
5662,57
5663,57
5664,57
5665,34
5666,92
5667,73
5668,62
5669,52
5670,58
5671,64
5672,40
5673,41
5674,57
5675,92
5676,22
5677,24
5678,52
5679,0
5680,83
5681,19
5682,1
5683,19
5684,54
5685,54
5686,9
5687,68
5688,64
5689,2
5690,34
5691,48
5692,57
5693,41
5694,58
5695,49
5696,57
5697,54
5698,8
5699,57
5700,2
5701,22
5702,91
5703,49
5704,34
5705,48
5706,54
5707,57
5708,54
5709,8
5710,34
5711,34
5712,57
5713,64
5714,22
5715,49
5716,57
5717,58
5718,19
5719,19
5720,54
5721,49
5722,56
5723,57
5724,2
5725,62
5726,92
5727,57
5728,13
5729,30
5730,40
5731,92
5732,13
5733,41
5734,68
5735,96
5736,58
5737,57
5738,68
5739,54
5740,57
5741,57
5742,57
5743,68
5744,83
5745,54
5746,48
5747,6
5748,22
5749,90
5750,30
5751,41
5752,34
5753,1
5754,30
5755,22
5756,75
5757,57
5758,22
5759,48
5760,54
5761,57
5762,57
5763,90
5764,64
5765,34
5766,33
5767,41
5768,94
5769,54
5770,54
5771,30
5772,13
5773,30
5774,34
5775,57
5776,8
5777,30
5778,48
5779,41
5780,91
5781,34
5782,94
5783,64
5784,92
5785,40
5786,34
5787,57
5788,57
5789,62
5790,68
5791,30
5792,57
5793,58
5794,19
5795,95
5796,76
5797,1
5798,58
5799,2
5800,96
5801,48
5802,34
5803,30
5804,30
5805,30
5806,41
5807,83
5808,68
5809,1
5810,68
5811,68
5812,19
5813,13
5814,13
5815,49
5816,69
5817,68
5818,58
5819,13
5820,51
5821,54
5822,56
5823,19
5824,34
5825,48
5826,57
5827,52
5828,52
5829,34
5830,75
5831,19
5832,34
5833,34
5834,58
5835,57
5836,54
5837,56
5838,58
5839,41
5840,57
5841,57
5842,22
5843,34
5844,92
5845,22
5846,37
5847,26
5848,34
5849,48
5850,57
5851,69
5852,54
5853,57
5854,83
5855,8
5856,95
5857,13
5858,92
5859,57
5860,91
5861,57
5862,57
5863,57
5864,60
5865,57
5866,54
5867,57
5868,52
5869,68
5870,58
5871,48
5872,34
5873,19
5874,83
5875,54
5876,85
5877,2
5878,19
5879,40
5880,13
5881,94
5882,54
5883,86
5884,68
5885,83
5886,52
5887,92
5888,49
5889,57
5890,92
5891,6
5892,75
5893,58
5894,2
5895,41
5896,57
5897,92
5898,92
5899,41
5900,57
5901,56
5902,57
5903,56
5904,57
5905,34
5906,62
5907,30
5908,56
5909,30
5910,54
5911,54
5912,2
5913,0
5914,57
5915,57
5916,2
5917,83
5918,54
5919,52
5920,81
5921,34
5922,34
5923,83
5924,34
5925,49
5926,26
5927,13
5928,34
5929,57
5930,22
5931,92
5932,92
5933,13
5934,68
5935,97
5936,68
5937,57
5938,2
5939,54
5940,34
5941,57
5942,34
5943,57
5944,19
5945,34
5946,19
5947,2
5948,34
5949,34
5950,60
5951,30
5952,13
5953,68
5954,77
5955,75
5956,19
5957,52
5958,34
5959,22
5960,34
5961,30
5962,40
5963,57
5964,34
5965,60
5966,2
5967,54
5968,13
5969,13
5970,34
5971,35
5972,34
5973,64
5974,58
5975,92
5976,68
5977,68
5978,22
5979,48
5980,48
5981,58
5982,41
5983,46
5984,41
5985,49
5986,95
5987,58
5988,48
5989,30
5990,57
5991,54
5992,57
5993,54
5994,58
5995,57
5996,57
5997,68
5998,54
5999,40
6000,48
6001,96
6002,57
6003,23
6004,92
6005,96
6006,30
6007,48
6008,94
6009,30
6010,57
6011,68
6012,92
6013,68
6014,57
6015,9
6016,30
6017,49
6018,40
6019,19
6020,34
6021,46
6022,49
6023,34
6024,2
6025,62
6026,57
6027,77
6028,40
6029,95
6030,47
6031,54
6032,92
6033,55
6034,23
6035,57
6036,30
6037,57
6038,54
6039,8
6040,68
6041,13
6042,30
6043,54
6044,57
6045,2
6046,94
6047,83
6048,49
6049,92
6050,92
6051,46
6052,34
6053,49
6054,30
6055,48
6056,41
6057,57
6058,54
6059,2
6060,46
6061,57
6062,90
6063,57
6064,19
6065,57
6066,49
6067,57
6068,2
6069,64
6070,68
6071,68
6072,23
6073,19
6074,68
6075,57
6076,64
6077,48
6078,47
6079,57
6080,64
6081,48
6082,34
6083,49
6084,26
6085,54
6086,57
6087,57
6088,97
6089,9
6090,48
6091,34
6092,64
6093,34
6094,57
6095,57
6096,92
6097,54
6098,86
6099,54
6100,68
6101,52
6102,92
6103,57
6104,52
6105,2
6106,30
6107,54
6108,68
6109,34
6110,40
6111,48
6112,68
6113,41
6114,57
6115,97
6116,91
6117,23
6118,96
6119,13
6120,57
6121,57
6122,34
6123,57
6124,96
6125,52
6126,54
6127,34
6128,40
6129,23
6130,47
6131,34
6132,35
6133,19
6134,2
6135,64
6136,57
6137,52
6138,19
6139,57
6140,19
6141,41
6142,95
6143,57
6144,48
6145,5
6146,19
6147,34
6148,92
6149,12
6150,23
6151,6
6152,92
6153,1
6154,22
6155,82
6156,34
6157,64
6158,58
6159,58
6160,34
6161,22
6162,57
6163,34
6164,52
6165,57
6166,62
6167,70
6168,94
6169,92
6170,19
6171,56
6172,19
6173,30
6174,47
6175,34
6176,95
6177,34
6178,54
6179,49
6180,26
6181,68
6182,68
6183,19
6184,95
6185,75
6186,83
6187,8
6188,64
6189,40
6190,57
6191,41
6192,2
6193,57
6194,94
6195,54
6196,2
6197,54
6198,57
6199,83
6200,19
6201,54
6202,68
6203,48
6204,2
6205,95
6206,60
6207,34
6208,19
6209,41
6210,2
6211,13
6212,57
6213,58
6214,62
6215,54
6216,30
6217,9
6218,57
6219,54
6220,52
6221,34
6222,92
6223,90
6224,57
6225,22
6226,34
6227,57
6228,85
6229,54
6230,46
6231,64
6232,49
6233,57
6234,95
6235,68
6236,96
6237,94
6238,22
6239,57
6240,30
6241,92
6242,24
6243,41
6244,6
6245,48
6246,49
6247,83
6248,95
6249,96
6250,49
6251,51
6252,34
6253,58
6254,83
6255,48
6256,64
6257,6
6258,57
6259,49
6260,52
6261,96
6262,54
6263,57
6264,52
6265,54
6266,13
6267,22
6268,2
6269,57
6270,92
6271,6
6272,1
6273,92
6274,30
6275,60
6276,34
6277,57
6278,34
6279,48
6280,92
6281,2
6282,57
6283,49
6284,57
6285,2
6286,34
6287,93
6288,34
6289,34
6290,57
6291,92
6292,2
6293,57
6294,1
6295,52
6296,1
6297,39
6298,26
6299,48
6300,8
6301,92
6302,54
6303,34
6304,64
6305,30
6306,64
6307,57
6308,64
6309,57
6310,55
6311,13
6312,54
6313,57
6314,64
6315,92
6316,13
6317,92
6318,30
6319,96
6320,34
6321,57
6322,37
6323,48
6324,54
6325,19
6326,92
6327,36
6328,2
6329,83
6330,34
6331,22
6332,52
6333,52
6334,34
6335,34
6336,7
6337,64
6338,41
6339,13
6340,23
6341,26
6342,22
6343,85
6344,48
6345,30
6346,34
6347,8
6348,34
6349,95
6350,45
6351,54
6352,60
6353,68
6354,30
6355,30
6356,34
6357,64
6358,73
6359,19
6360,41
6361,24
6362,57
6363,19
6364,83
6365,19
6366,92
6367,26
6368,87
6369,6
6370,64
6371,57
6372,34
6373,41
6374,83
6375,96
6376,54
6377,41
6378,13
6379,68
6380,83
6381,54
6382,19
6383,54
6384,26
6385,95
6386,57
6387,57
6388,7
6389,19
6390,94
6391,34
6392,49
6393,96
6394,57
6395,13
6396,13
6397,57
6398,57
6399,57
6400,57
6401,64
6402,68
6403,2
6404,56
6405,52
6406,60
6407,85
6408,34
6409,54
6410,57
6411,13
6412,58
6413,83
6414,92
6415,57
6416,26
6417,9
6418,34
6419,19
6420,19
6421,60
6422,6
6423,21
6424,13
6425,68
6426,52
6427,19
6428,57
6429,57
6430,49
6431,54
6432,13
6433,2
6434,19
6435,8
6436,97
6437,48
6438,57
6439,34
6440,68
6441,54
6442,34
6443,2
6444,68
6445,6
6446,19
6447,54
6448,92
6449,68
6450,19
6451,57
6452,83
6453,41
6454,69
6455,19
6456,19
6457,2
6458,58
6459,30
6460,13
6461,30
6462,57
6463,54
6464,48
6465,13
6466,73
6467,96
6468,34
6469,34
6470,83
6471,30
6472,95
6473,41
6474,58
6475,57
6476,92
6477,54
6478,49
6479,52
6480,76
6481,57
6482,22
6483,83
6484,19
6485,58
6486,48
6487,57
6488,97
6489,30
6490,22
6491,13
6492,34
6493,57
6494,64
6495,8
6496,40
6497,91
6498,77
6499,34
6500,22
6501,49
6502,92
6503,57
6504,52
6505,83
6506,85
6507,9
6508,6
6509,1
6510,30
6511,95
6512,94
6513,9
6514,13
6515,83
6516,83
6517,13
6518,75
6519,57
6520,62
6521,9
6522,8
6523,30
6524,57
6525,24
6526,34
6527,68
6528,57
6529,68
6530,54
6531,75
6532,57
6533,54
6534,34
6535,57
6536,57
6537,2
6538,6
6539,62
6540,34
6541,57
6542,57
6543,39
6544,34
6545,57
6546,40
6547,48
6548,56
6549,57
6550,83
6551,83
6552,13
6553,49
6554,96
6555,54
6556,58
6557,30
6558,92
6559,54
6560,34
6561,34
6562,96
6563,49
6564,92
6565,19
6566,57
6567,68
6568,34
6569,37
6570,22
6571,24
6572,68
6573,56
6574,92
6575,92
6576,68
6577,13
6578,57
6579,58
6580,49
6581,54
6582,68
6583,34
6584,41
6585,92
6586,60
6587,13
6588,19
6589,39
6590,22
6591,48
6592,19
6593,1
6594,48
6595,34
6596,23
6597,41
6598,49
6599,52
6600,19
6601,57
6602,57
6603,57
6604,54
6605,13
6606,57
6607,52
6608,54
6609,2
6610,12
6611,2
6612,52
6613,97
6614,75
6615,19
6616,57
6617,46
6618,22
6619,86
6620,52
6621,60
6622,48
6623,19
6624,58
6625,96
6626,57
6627,24
6628,57
6629,94
6630,64
6631,34
6632,48
6633,41
6634,83
6635,83
6636,30
6637,34
6638,30
6639,54
6640,19
6641,57
6642,95
6643,96
6644,54
6645,30
6646,57
6647,82
6648,2
6649,30
6650,49
6651,34
6652,54
6653,13
6654,57
6655,57
6656,57
6657,19
6658,13
6659,57
6660,57
6661,60
6662,57
6663,83
6664,6
6665,83
6666,34
6667,34
6668,6
6669,57
6670,69
6671,34
6672,57
6673,58
6674,49
6675,41
6676,75
6677,34
6678,64
6679,34
6680,68
6681,34
6682,68
6683,57
6684,49
6685,90
6686,13
6687,83
6688,85
6689,23
6690,13
6691,90
6692,34
6693,34
6694,41
6695,40
6696,85
6697,92
6698,2
6699,41
6700,54
6701,23
6702,95
6703,96
6704,64
6705,34
6706,6
6707,54
6708,47
6709,2
6710,64
6711,54
6712,87
6713,58
6714,8
6715,9
6716,2
6717,68
6718,48
6719,57
6720,34
6721,34
6722,19
6723,75
6724,68
6725,68
6726,34
6727,30
6728,64
6729,68
6730,48
6731,96
6732,57
6733,54
6734,68
6735,34
6736,13
6737,57
6738,41
6739,34
6740,57
6741,92
6742,95
6743,34
6744,21
6745,57
6746,2
6747,57
6748,40
6749,86
6750,57
6751,57
6752,40
6753,1
6754,54
6755,5
6756,67
6757,19
6758,36
6759,30
6760,39
6761,8
6762,60
6763,57
6764,48
6765,34
6766,58
6767,2
6768,52
6769,49
6770,92
6771,58
6772,19
6773,52
6774,64
6775,35
6776,30
6777,64
6778,57
6779,57
6780,34
6781,30
6782,41
6783,83
6784,13
6785,90
6786,1
6787,92
6788,54
6789,62
6790,58
6791,49
6792,64
6793,2
6794,57
6795,34
6796,75
6797,24
6798,68
6799,48
6800,41
6801,92
6802,26
6803,96
6804,13
6805,2
6806,57
6807,57
6808,24
6809,92
6810,68
6811,46
6812,49
6813,56
6814,41
6815,19
6816,54
6817,22
6818,34
6819,2
6820,52
6821,92
6822,57
6823,54
6824,68
6825,57
6826,41
6827,57
6828,92
6829,52
6830,64
6831,22
6832,46
6833,54
6834,58
6835,47
6836,96
6837,41
6838,93
6839,92
6840,92
6841,34
6842,54
6843,2
6844,26
6845,92
6846,52
6847,54
6848,34
6849,34
6850,30
6851,57
6852,68
6853,24
6854,64
6855,62
6856,97
6857,57
6858,58
6859,83
6860,22
6861,13
6862,68
6863,54
6864,49
6865,8
6866,90
6867,69
6868,48
6869,19
6870,60
6871,8
6872,62
6873,68
6874,90
6875,35
6876,54
6877,24
6878,54
6879,2
6880,19
6881,68
6882,68
6883,46
6884,58
6885,94
6886,9
6887,92
6888,34
6889,64
6890,22
6891,34
6892,34
6893,22
6894,12
6895,34
6896,54
6897,92
6898,19
6899,54
6900,75
6901,91
6902,19
6903,5
6904,13
6905,62
6906,54
6907,58
6908,68
6909,83
6910,30
6911,57
6912,54
6913,57
6914,87
6915,2
6916,30
6917,34
6918,64
6919,57
6920,81
6921,13
6922,83
6923,40
6924,34
6925,96
6926,52
6927,54
6928,62
6929,90
6930,96
6931,83
6932,22
6933,96
6934,92
6935,57
6936,83
6937,41
6938,34
6939,62
6940,34
6941,96
6942,2
6943,20
6944,54
6945,57
6946,21
6947,19
6948,41
6949,64
6950,13
6951,21
6952,30
6953,49
6954,19
6955,68
6956,26
6957,90
6958,34
6959,40
6960,2
6961,68
6962,58
6963,30
6964,22
6965,83
6966,68
6967,57
6968,57
6969,1
6970,41
6971,57
6972,6
6973,52
6974,57
6975,83
6976,91
6977,24
6978,40
6979,54
6980,92
6981,54
6982,68
6983,52
6984,64
6985,21
6986,54
6987,13
6988,64
6989,91
6990,19
6991,41
6992,60
6993,92
6994,57
6995,2
6996,92
6997,19
6998,46
6999,6
7000,35
7001,57
7002,34
7003,57
7004,34
7005,47
7006,34
7007,57
7008,1
7009,68
7010,13
7011,58
7012,9
7013,58
7014,58
7015,90
7016,21
7017,83
7018,19
7019,57
7020,62
7021,34
7022,83
7023,57
7024,23
7025,58
7026,68
7027,13
7028,22
7029,39
7030,34
7031,96
7032,19
7033,86
7034,34
7035,83
7036,46
7037,2
7038,57
7039,30
7040,92
7041,83
7042,30
7043,13
7044,54
7045,34
7046,13
7047,34
7048,30
7049,57
7050,78
7051,68
7052,86
7053,58
7054,48
7055,57
7056,92
7057,90
7058,54
7059,95
7060,83
7061,34
7062,57
7063,56
7064,68
7065,19
7066,96
7067,92
7068,9
7069,96
7070,13
7071,19
7072,68
7073,34
7074,57
7075,57
7076,2
7077,92
7078,9
7079,76
7080,68
7081,49
7082,24
7083,54
7084,34
7085,54
7086,52
7087,54
7088,48
7089,30
7090,54
7091,57
7092,57
7093,22
7094,8
7095,24
7096,2
7097,49
7098,68
7099,1
7100,49
7101,58
7102,8
7103,30
7104,54
7105,54
7106,85
7107,49
7108,19
7109,48
7110,40
7111,64
7112,58
7113,54
7114,41
7115,34
7116,49
7117,57
7118,23
7119,57
7120,54
7121,13
7122,54
7123,94
7124,1
7125,22
7126,57
7127,19
7128,19
7129,92
7130,2
7131,64
7132,85
7133,68
7134,48
7135,57
7136,2
7137,34
7138,48
7139,92
7140,41
7141,34
7142,48
7143,92
7144,48
7145,13
7146,58
7147,19
7148,93
7149,86
7150,34
7151,49
7152,57
7153,57
7154,30
7155,19
7156,68
7157,19
7158,96
7159,13
7160,39
7161,57
7162,40
7163,35
7164,19
7165,54
7166,14
7167,49
7168,47
7169,57
7170,54
7171,19
7172,86
7173,86
7174,57
7175,34
7176,68
7177,19
7178,57
7179,83
7180,49
7181,57
7182,19
7183,54
7184,22
7185,97
7186,96
7187,92
7188,85
7189,88
7190,57
7191,64
7192,57
7193,41
7194,34
7195,90
7196,34
7197,92
7198,93
7199,83
7200,19
7201,96
7202,68
7203,83
7204,57
7205,19
7206,22
7207,58
7208,62
7209,48
7210,52
7211,19
7212,13
7213,95
7214,60
7215,96
7216,57
7217,49
7218,83
7219,54
7220,34
7221,40
7222,58
7223,19
7224,34
7225,34
7226,19
7227,48
7228,2
7229,19
7230,22
7231,47
7232,92
7233,57
7234,37
7235,34
7236,34
7237,92
7238,92
7239,58
7240,34
7241,30
7242,8
7243,19
7244,54
7245,19
7246,34
7247,49
7248,85
7249,48
7250,41
7251,75
7252,92
7253,76
7254,30
7255,75
7256,57
7257,19
7258,83
7259,13
7260,13
7261,54
7262,8
7263,34
7264,57
7265,64
7266,48
7267,54
7268,83
7269,2
7270,40
7271,93
7272,93
7273,57
7274,40
7275,22
7276,34
7277,34
7278,75
7279,30
7280,41
7281,34
7282,34
7283,34
7284,96
7285,64
7286,8
7287,96
7288,41
7289,58
7290,64
7291,92
7292,57
7293,19
7294,6
7295,26
7296,58
7297,1
7298,19
7299,19
7300,68
7301,52
7302,95
7303,58
7304,48
7305,57
7306,34
7307,2
7308,34
7309,23
7310,2
7311,54
7312,57
7313,92
7314,48
7315,19
7316,49
7317,34
7318,95
7319,58
7320,19
7321,34
7322,96
7323,83
7324,62
7325,41
7326,54
7327,34
7328,96
7329,49
7330,13
7331,68
7332,23
7333,92
7334,19
7335,13
7336,24
7337,13
7338,19
7339,73
7340,24
7341,57
7342,68
7343,90
7344,57
7345,48
7346,34
7347,1
7348,30
7349,57
7350,92
7351,54
7352,19
7353,57
7354,34
7355,48
7356,83
7357,19
7358,34
7359,54
7360,49
7361,54
7362,57
7363,68
7364,54
7365,83
7366,58
7367,68
7368,58
7369,26
7370,30
7371,30
7372,22
7373,34
7374,48
7375,34
7376,13
7377,1
7378,8
7379,83
7380,86
7381,24
7382,57
7383,57
7384,52
7385,41
7386,75
7387,48
7388,90
7389,85
7390,46
7391,57
7392,57
7393,52
7394,13
7395,40
7396,54
7397,49
7398,40
7399,41
7400,22
7401,57
7402,30
7403,34
7404,92
7405,57
7406,34
7407,57
7408,34
7409,1
7410,30
7411,34
7412,57
7413,30
7414,52
7415,57
7416,75
7417,57
7418,57
7419,49
7420,40
7421,75
7422,22
7423,9
7424,92
7425,92
7426,34
7427,57
7428,54
7429,47
7430,54
7431,22
7432,41
7433,64
7434,19
7435,54
7436,48
7437,57
7438,52
7439,48
7440,11
7441,13
7442,54
7443,57
7444,22
7445,48
7446,49
7447,34
7448,19
7449,34
7450,96
7451,90
7452,49
7453,83
7454,54
7455,54
7456,57
7457,62
7458,57
7459,57
7460,19
7461,68
7462,60
7463,6
7464,54
7465,54
7466,30
7467,19
7468,41
7469,22
7470,57
7471,97
7472,64
7473,68
7474,12
7475,57
7476,64
7477,41
7478,52
7479,30
7480,92
7481,2
7482,34
7483,57
7484,13
7485,13
7486,47
7487,54
7488,60
7489,13
7490,57
7491,75
7492,90
7493,52
7494,57
7495,49
7496,96
7497,30
7498,60
7499,2
7500,30
7501,57
7502,40
7503,57
7504,19
7505,92
7506,57
7507,34
7508,68
7509,13
7510,96
7511,62
7512,13
7513,34
7514,57
7515,83
7516,54
7517,54
7518,83
7519,57
7520,22
7521,57
7522,54
7523,58
7524,94
7525,64
7526,68
7527,21
7528,57
7529,41
7530,86
7531,96
7532,30
7533,48
7534,49
7535,57
7536,48
7537,90
7538,52
7539,86
7540,83
7541,57
7542,34
7543,92
7544,86
7545,62
7546,19
7547,62
7548,68
7549,34
7550,41
7551,13
7552,60
7553,2
7554,23
7555,34
7556,34
7557,2
7558,92
7559,75
7560,57
7561,62
7562,57
7563,34
7564,30
7565,92
7566,54
7567,5
7568,54
7569,48
7570,13
7571,34
7572,34
7573,19
7574,30
7575,52
7576,91
7577,49
7578,54
7579,91
7580,92
7581,22
7582,19
7583,8
7584,34
7585,48
7586,57
7587,34
7588,83
7589,52
7590,47
7591,92
7592,64
7593,83
7594,34
7595,75
7596,28
7597,52
7598,54
7599,97
7600,95
7601,34
7602,76
7603,24
7604,94
7605,57
7606,54
7607,94
7608,34
7609,57
7610,96
7611,52
7612,52
7613,64
7614,46
7615,62
7616,82
7617,34
7618,85
7619,58
7620,2
7621,34
7622,54
7623,58
7624,30
7625,34
7626,22
7627,48
7628,89
7629,92
7630,97
7631,52
7632,57
7633,57
7634,57
7635,92
7636,35
7637,28
7638,92
7639,92
7640,48
7641,57
7642,83
7643,19
7644,92
7645,96
7646,52
7647,19
7648,48
7649,68
7650,30
7651,48
7652,34
7653,34
7654,83
7655,83
7656,22
7657,57
7658,30
7659,68
7660,49
7661,54
7662,57
7663,34
7664,96
7665,92
7666,52
7667,46
7668,68
7669,2
7670,83
7671,64
7672,2
7673,34
7674,34
7675,28
7676,34
7677,6
7678,58
7679,83
7680,55
7681,54
7682,57
7683,9
7684,24
7685,68
7686,23
7687,83
7688,41
7689,54
7690,68
7691,22
7692,56
7693,13
7694,92
7695,57
7696,34
7697,34
7698,58
7699,30
7700,68
7701,68
7702,54
7703,49
7704,8
7705,90
7706,34
7707,41
7708,19
7709,60
7710,37
7711,34
7712,57
7713,57
7714,92
7715,64
7716,34
7717,30
7718,41
7719,57
7720,54
7721,68
7722,13
7723,19
7724,13
7725,49
7726,24
7727,48
7728,26
7729,64
7730,57
7731,83
7732,8
7733,96
7734,57
7735,64
7736,13
7737,9
7738,13
7739,40
7740,96
7741,57
7742,83
7743,57
7744,54
7745,54
7746,23
7747,92
7748,68
7749,41
7750,64
7751,2
7752,8
7753,92
7754,96
7755,82
7756,19
7757,34
7758,57
7759,6
7760,19
7761,2
7762,40
7763,54
7764,47
7765,57
7766,13
7767,57
7768,62
7769,73
7770,34
7771,83
7772,68
7773,92
7774,13
7775,57
7776,57
7777,24
7778,34
7779,68
7780,57
7781,64
7782,57
7783,8
7784,2
7785,54
7786,57
7787,34
7788,2
7789,22
7790,92
7791,30
7792,48
7793,94
7794,58
7795,19
7796,83
7797,34
7798,57
7799,90
7800,57
7801,19
7802,13
7803,54
7804,68
7805,57
7806,48
7807,30
7808,41
7809,68
7810,40
7811,58
7812,34
7813,96
7814,2
7815,21
7816,13
7817,30
7818,47
7819,91
7820,68
7821,22
7822,8
7823,68
7824,30
7825,54
7826,58
7827,52
7828,94
7829,57
7830,64
7831,52
7832,57
7833,34
7834,60
7835,19
7836,30
7837,81
7838,92
7839,45
7840,34
7841,92
7842,54
7843,57
7844,60
7845,23
7846,57
7847,96
7848,54
7849,34
7850,9
7851,68
7852,57
7853,94
7854,63
7855,83
7856,23
7857,58
7858,91
7859,36
7860,30
7861,92
7862,54
7863,19
7864,92
7865,57
7866,75
7867,37
7868,30
7869,83
7870,19
7871,58
7872,13
7873,2
7874,68
7875,48
7876,2
7877,58
7878,54
7879,57
7880,68
7881,83
7882,13
7883,30
7884,58
7885,36
7886,23
7887,41
7888,80
7889,90
7890,41
7891,75
7892,64
7893,30
7894,48
7895,57
7896,52
7897,97
7898,68
7899,40
7900,19
7901,22
7902,24
7903,13
7904,34
7905,92
7906,75
7907,96
7908,34
7909,57
7910,57
7911,48
7912,58
7913,86
7914,75
7915,68
7916,57
7917,57
7918,96
7919,30
7920,52
7921,49
7922,49
7923,57
7924,34
7925,57
7926,2
7927,92
7928,30
7929,57
7930,92
7931,30
7932,57
7933,83
7934,68
7935,75
7936,86
7937,92
7938,54
7939,34
7940,62
7941,57
7942,64
7943,75
7944,18
7945,34
7946,24
7947,8
7948,57
7949,54
7950,8
7951,57
7952,57
7953,30
7954,30
7955,34
7956,13
7957,58
7958,54
7959,57
7960,58
7961,96
7962,35
7963,30
7964,96
7965,86
7966,19
7967,68
7968,83
7969,19
7970,95
7971,48
7972,85
7973,34
7974,93
7975,54
7976,57
7977,54
7978,95
7979,62
7980,22
7981,2
7982,68
7983,49
7984,68
7985,48
7986,54
7987,41
7988,58
7989,57
7990,57
7991,19
7992,90
7993,92
7994,68
7995,68
7996,92
7997,41
7998,34
7999,34
8000,92
8001,54
8002,54
8003,22
8004,57
8005,19
8006,54
8007,57
8008,22
8009,90
8010,34
8011,97
8012,46
8013,57
8014,13
8015,13
8016,48
8017,19
8018,2
8019,34
8020,64
8021,58
8022,19
8023,85
8024,49
8025,82
8026,19
8027,41
8028,93
8029,19
8030,96
8031,19
8032,8
8033,57
8034,58
8035,49
8036,83
8037,48
8038,64
8039,57
8040,95
8041,34
8042,64
8043,90
8044,6
8045,83
8046,22
8047,34
8048,49
8049,58
8050,57
8051,54
8052,30
8053,54
8054,96
8055,57
8056,8
8057,34
8058,68
8059,2
8060,48
8061,57
8062,46
8063,81
8064,22
8065,19
8066,13
8067,68
8068,6
8069,56
8070,57
8071,57
8072,54
8073,34
8074,22
8075,40
8076,77
8077,83
8078,57
8079,13
8080,26
8081,54
8082,75
8083,57
8084,2
8085,13
8086,91
8087,92
8088,57
8089,48
8090,46
8091,40
8092,57
8093,62
8094,96
8095,41
8096,34
8097,52
8098,30
8099,92
8100,92
8101,91
8102,34
8103,49
8104,34
8105,75
8106,92
8107,49
8108,68
8109,34
8110,34
8111,40
8112,34
8113,57
8114,8
8115,94
8116,57
8117,64
8118,21
8119,57
8120,1
8121,2
8122,92
8123,57
8124,48
8125,2
8126,58
8127,48
8128,68
8129,49
8130,64
8131,92
8132,57
8133,48
8134,57
8135,92
8136,96
8137,49
8138,34
8139,57
8140,14
8141,90
8142,34
8143,57
8144,34
8145,83
8146,75
8147,68
8148,41
8149,57
8150,83
8151,57
8152,57
8153,64
8154,54
8155,54
8156,1
8157,54
8158,22
8159,46
8160,30
8161,19
8162,34
8163,60
8164,54
8165,57
8166,82
8167,34
8168,92
8169,19
8170,46
8171,41
8172,95
8173,54
8174,19
8175,95
8176,91
8177,13
8178,64
8179,48
8180,62
8181,57
8182,57
8183,48
8184,48
8185,34
8186,92
8187,34
8188,57
8189,19
8190,28
8191,19
8192,48
8193,34
8194,57
8195,23
8196,57
8197,93
8198,57
8199,54
8200,19
8201,34
8202,95
8203,92
8204,54
8205,57
8206,57
8207,8
8208,57
8209,19
8210,75
8211,57
8212,19
8213,54
8214,6
8215,30
8216,64
8217,30
8218,81
8219,6
8220,30
8221,68
8222,57
8223,6
8224,85
8225,54
8226,34
8227,34
8228,92
8229,13
8230,40
8231,19
8232,62
8233,23
8234,6
8235,5
8236,21
8237,24
8238,54
8239,34
8240,57
8241,41
8242,58
8243,83
8244,54
8245,30
8246,90
8247,34
8248,30
8249,1
8250,54
8251,30
8252,92
8253,34
8254,6
8255,57
8256,57
8257,41
8258,19
8259,91
8260,2
8261,57
8262,54
8263,19
8264,56
8265,2
8266,30
8267,83
8268,86
8269,57
8270,96
8271,34
8272,57
8273,34
8274,28
8275,6
8276,19
8277,12
8278,30
8279,95
8280,57
8281,34
8282,54
8283,60
8284,49
8285,83
8286,24
8287,57
8288,30
8289,57
8290,90
8291,92
8292,19
8293,54
8294,8
8295,41
8296,40
8297,68
8298,64
8299,86
8300,48
8301,96
8302,83
8303,92
8304,52
8305,57
8306,24
8307,68
8308,41
8309,57
8310,92
8311,41
8312,22
8313,19
8314,57
8315,34
8316,85
8317,57
8318,57
8319,30
8320,93
8321,75
8322,24
8323,34
8324,2
8325,83
8326,90
8327,83
8328,34
8329,57
8330,83
8331,92
8332,23
8333,34
8334,54
8335,54
8336,68
8337,46
8338,97
8339,30
8340,22
8341,62
8342,90
8343,90
8344,92
8345,24
8346,96
8347,19
8348,83
8349,22
8350,68
8351,91
8352,34
8353,95
8354,19
8355,22
8356,83
8357,49
8358,48
8359,40
8360,49
8361,23
8362,13
8363,96
8364,57
8365,92
8366,68
8367,30
8368,48
8369,48
8370,14
8371,41
8372,57
8373,49
8374,92
8375,1
8376,2
8377,57
8378,21
8379,19
8380,90
8381,2
8382,24
8383,48
8384,57
8385,22
8386,48
8387,13
8388,68
8389,54
8390,19
8391,58
8392,30
8393,5
8394,54
8395,92
8396,57
8397,92
8398,52
8399,6
8400,30
8401,34
8402,48
8403,41
8404,1
8405,34
8406,95
8407,57
8408,90
8409,8
8410,15
8411,13
8412,96
8413,92
8414,57
8415,96
8416,22
8417,41
8418,64
8419,86
8420,64
8421,60
8422,57
8423,30
8424,80
8425,19
8426,83
8427,60
8428,30
8429,41
8430,57
8431,77
8432,75
8433,54
8434,22
8435,8
8436,57
8437,76
8438,34
8439,13
8440,30
8441,41
8442,48
8443,92
8444,34
8445,22
8446,22
8447,47
8448,36
8449,19
8450,23
8451,92
8452,62
8453,48
8454,13
8455,56
8456,68
8457,54
8458,57
8459,13
8460,58
8461,68
8462,94
8463,2
8464,54
8465,97
8466,68
8467,22
8468,48
8469,94
8470,47
8471,46
8472,95
8473,34
8474,95
8475,56
8476,96
8477,13
8478,96
8479,57
8480,83
8481,96
8482,68
8483,52
8484,49
8485,34
8486,57
8487,83
8488,13
8489,68
8490,64
8491,94
8492,54
8493,90
8494,54
8495,60
8496,23
8497,57
8498,86
8499,6
8500,40
8501,22
8502,83
8503,58
8504,34
8505,96
8506,75
8507,54
8508,54
8509,64
8510,30
8511,58
8512,30
8513,57
8514,90
8515,38
8516,30
8517,57
8518,92
8519,75
8520,39
8521,30
8522,30
8523,96
8524,57
8525,19
8526,96
8527,94
8528,34
8529,54
8530,95
8531,57
8532,1
8533,21
8534,49
8535,2
8536,64
8537,57
8538,75
8539,34
8540,64
8541,54
8542,21
8543,52
8544,57
8545,34
8546,48
8547,57
8548,34
8549,34
8550,92
8551,57
8552,83
8553,34
8554,64
8555,13
8556,34
8557,52
8558,40
8559,48
8560,41
8561,58
8562,1
8563,8
8564,54
8565,22
8566,54
8567,24
8568,54
8569,75
8570,19
8571,41
8572,22
8573,86
8574,57
8575,14
8576,34
8577,92
8578,83
8579,8
8580,57
8581,57
8582,96
8583,41
8584,83
8585,68
8586,48
8587,47
8588,68
8589,2
8590,64
8591,34
8592,40
8593,34
8594,57
8595,92
8596,68
8597,24
8598,19
8599,24
8600,49
8601,56
8602,85
8603,2
8604,34
8605,96
8606,47
8607,30
8608,41
8609,57
8610,58
8611,54
8612,30
8613,60
8614,54
8615,34
8616,6
8617,68
8618,57
8619,75
8620,54
8621,92
8622,58
8623,90
8624,83
8625,57
8626,13
8627,48
8628,34
8629,2
8630,19
8631,57
8632,41
8633,68
8634,34
8635,54
8636,34
8637,57
8638,81
8639,48
8640,57
8641,57
8642,57
8643,57
8644,57
8645,57
8646,19
8647,2
8648,48
8649,1
8650,19
8651,34
8652,92
8653,57
8654,96
8655,90
8656,57
8657,57
8658,8
8659,68
8660,30
8661,8
8662,19
8663,64
8664,83
8665,1
8666,41
8667,2
8668,40
8669,48
8670,68
8671,92
8672,92
8673,64
8674,30
8675,96
8676,34
8677,30
8678,90
8679,34
8680,23
8681,52
8682,69
8683,52
8684,64
8685,68
8686,75
8687,57
8688,54
8689,57
8690,57
8691,54
8692,2
8693,57
8694,19
8695,34
8696,2
8697,48
8698,41
8699,83
8700,58
8701,1
8702,34
8703,54
8704,57
8705,23
8706,34
8707,40
8708,37
8709,23
8710,57
8711,21
8712,41
8713,97
8714,13
8715,92
8716,57
8717,13
8718,24
8719,49
8720,94
8721,57
8722,97
8723,94
8724,75
8725,92
8726,83
8727,30
8728,57
8729,85
8730,82
8731,92
8732,19
8733,68
8734,68
8735,26
8736,57
8737,54
8738,13
8739,41
8740,54
8741,23
8742,24
8743,58
8744,49
8745,96
8746,94
8747,22
8748,57
8749,57
8750,34
8751,57
8752,52
8753,8
8754,57
8755,34
8756,2
8757,68
8758,92
8759,92
8760,23
8761,58
8762,68
8763,48
8764,30
8765,57
8766,34
8767,57
8768,48
8769,34
8770,49
8771,95
8772,34
8773,92
8774,34
8775,57
8776,23
8777,30
8778,34
8779,34
8780,46
8781,23
8782,57
8783,68
8784,23
8785,82
8786,92
8787,40
8788,34
8789,76
8790,34
8791,92
8792,48
8793,64
8794,96
8795,22
8796,68
8797,57
8798,68
8799,13
8800,19
8801,6
8802,10
8803,46
8804,2
8805,57
8806,41
8807,30
8808,57
8809,41
8810,19
8811,73
8812,57
8813,96
8814,34
8815,19
8816,57
8817,34
8818,21
8819,96
8820,58
8821,57
8822,54
8823,52
8824,34
8825,58
8826,90
8827,30
8828,92
8829,92
8830,30
8831,46
8832,8
8833,86
8834,57
8835,57
8836,34
8837,54
8838,83
8839,19
8840,57
8841,57
8842,57
8843,13
8844,90
8845,2
8846,30
8847,54
8848,34
8849,13
8850,64
8851,58
8852,36
8853,93
8854,40
8855,92
8856,34
8857,54
8858,40
8859,58
8860,26
8861,57
8862,64
8863,34
8864,62
8865,83
8866,57
8867,57
8868,57
8869,95
8870,5
8871,68
8872,34
8873,19
8874,68
8875,94
8876,49
8877,57
8878,34
8879,83
8880,92
8881,92
8882,34
8883,68
8884,68
8885,96
8886,75
8887,94
8888,54
8889,94
8890,34
8891,46
8892,48
8893,49
8894,57
8895,26
8896,13
8897,83
8898,64
8899,58
8900,83
8901,91
8902,49
8903,57
8904,64
8905,86
8906,57
8907,69
8908,35
8909,57
8910,83
8911,13
8912,58
8913,57
8914,49
8915,58
8916,58
8917,47
8918,34
8919,62
8920,34
8921,57
8922,54
8923,68
8924,92
8925,83
8926,19
8927,46
8928,92
8929,48
8930,57
8931,57
8932,94
8933,60
8934,34
8935,8
8936,58
8937,52
8938,30
8939,57
8940,90
8941,92
8942,90
8943,49
8944,68
8945,52
8946,85
8947,49
8948,35
8949,13
8950,92
8951,52
8952,64
8953,48
8954,77
8955,96
8956,13
8957,92
8958,13
8959,68
8960,34
8961,2
8962,54
8963,57
8964,19
8965,64
8966,83
8967,68
8968,34
8969,57
8970,90
8971,30
8972,86
8973,57
8974,92
8975,1
8976,62
8977,55
8978,30
8979,96
8980,57
8981,48
8982,34
8983,52
8984,92
8985,82
8986,83
8987,30
8988,57
8989,58
8990,75
8991,69
8992,57
8993,13
8994,8
8995,94
8996,90
8997,75
8998,30
8999,54
9000,34
9001,57
9002,34
9003,24
9004,46
9005,57
9006,68
9007,34
9008,9
9009,57
9010,22
9011,57
9012,26
9013,64
9014,47
9015,19
9016,57
9017,48
9018,40
9019,57
9020,30
9021,45
9022,34
9023,40
9024,47
9025,85
9026,34
9027,57
9028,34
9029,30
9030,19
9031,30
9032,2
9033,48
9034,92
9035,93
9036,23
9037,83
9038,41
9039,96
9040,56
9041,54
9042,19
9043,68
9044,57
9045,91
9046,30
9047,19
9048,48
9049,49
9050,96
9051,22
9052,9
9053,47
9054,30
9055,30
9056,57
9057,13
9058,13
9059,83
9060,19
9061,13
9062,19
9063,22
9064,22
9065,57
9066,92
9067,57
9068,57
9069,90
9070,57
9071,92
9072,54
9073,34
9074,85
9075,30
9076,86
9077,23
9078,34
9079,34
9080,5
9081,75
9082,1
9083,96
9084,23
9085,19
9086,96
9087,57
9088,6
9089,57
9090,30
9091,52
9092,91
9093,34
9094,46
9095,19
9096,34
9097,83
9098,24
9099,47
9100,57
9101,52
9102,92
9103,40
9104,34
9105,58
9106,49
9107,9
9108,57
9109,34
9110,1
9111,19
9112,57
9113,64
9114,49
9115,34
9116,24
9117,69
9118,19
9119,54
9120,34
9121,30
9122,39
9123,83
9124,86
9125,92
9126,36
9127,52
9128,57
9129,64
9130,34
9131,68
9132,34
9133,68
9134,34
9135,48
9136,49
9137,57
9138,34
9139,92
9140,37
9141,68
9142,6
9143,57
9144,47
9145,1
9146,54
9147,92
9148,34
9149,41
9150,67
9151,92
9152,34
9153,75
9154,96
9155,54
9156,57
9157,57
9158,92
9159,24
9160,30
9161,22
9162,19
9163,57
9164,30
9165,58
9166,30
9167,13
9168,30
9169,13
9170,21
9171,57
9172,2
9173,58
9174,82
9175,49
9176,41
9177,57
9178,24
9179,57
9180,94
9181,41
9182,75
9183,57
9184,13
9185,91
9186,94
9187,41
9188,34
9189,24
9190,34
9191,68
9192,57
9193,47
9194,64
9195,1
9196,57
9197,19
9198,54
9199,39
9200,83
9201,24
9202,40
9203,34
9204,2
9205,57
9206,39
9207,54
9208,23
9209,34
9210,68
9211,52
9212,57
9213,34
9214,22
9215,30
9216,92
9217,39
9218,22
9219,60
9220,91
9221,83
9222,64
9223,48
9224,57
9225,48
9226,2
9227,95
9228,19
9229,57
9230,40
9231,8
9232,57
9233,30
9234,19
9235,34
9236,13
9237,49
9238,13
9239,57
9240,2
9241,34
9242,19
9243,57
9244,57
9245,34
9246,90
9247,85
9248,75
9249,30
9250,34
9251,76
9252,56
9253,8
9254,68
9255,76
9256,57
9257,75
9258,1
9259,90
9260,13
9261,2
9262,49
9263,54
9264,57
9265,58
9266,40
9267,46
9268,48
9269,57
9270,40
9271,96
9272,64
9273,5
9274,62
9275,21
9276,48
9277,60
9278,92
9279,83
9280,92
9281,96
9282,75
9283,75
9284,57
9285,34
9286,57
9287,52
9288,90
9289,34
9290,19
9291,2
9292,92
9293,39
9294,83
9295,54
9296,57
9297,92
9298,68
9299,57
9300,73
9301,92
9302,56
9303,57
9304,34
9305,34
9306,68
9307,57
9308,19
9309,12
9310,41
9311,52
9312,54
9313,52
9314,34
9315,19
9316,30
9317,95
9318,22
9319,34
9320,96
9321,41
9322,92
9323,34
9324,57
9325,34
9326,57
9327,85
9328,64
9329,19
9330,13
9331,5
9332,57
9333,92
9334,57
9335,57
9336,30
9337,57
9338,54
9339,81
9340,30
9341,57
9342,52
9343,40
9344,13
9345,48
9346,54
9347,9
9348,2
9349,34
9350,34
9351,41
9352,57
9353,34
9354,54
9355,96
9356,6
9357,30
9358,54
9359,34
9360,19
9361,19
9362,52
9363,57
9364,57
9365,8
9366,30
9367,52
9368,49
9369,22
9370,54
9371,83
9372,57
9373,19
9374,58
9375,30
9376,34
9377,58
9378,57
9379,58
9380,68
9381,57
9382,19
9383,30
9384,58
9385,62
9386,19
9387,92
9388,54
9389,40
9390,64
9391,95
9392,30
9393,40
9394,60
9395,57
9396,82
9397,57
9398,57
9399,52
9400,54
9401,48
9402,57
9403,57
9404,30
9405,22
9406,34
9407,68
9408,76
9409,86
9410,34
9411,85
9412,57
9413,22
9414,48
9415,54
9416,52
9417,81
9418,83
9419,75
9420,22
9421,39
9422,30
9423,30
9424,83
9425,52
9426,57
9427,96
9428,9
9429,57
9430,22
9431,82
9432,24
9433,34
9434,30
9435,83
9436,57
9437,41
9438,52
9439,19
9440,68
9441,34
9442,92
9443,54
9444,22
9445,58
9446,57
9447,37
9448,83
9449,92
9450,34
9451,57
9452,57
9453,36
9454,68
9455,6
9456,41
9457,30
9458,85
9459,2
9460,57
9461,30
9462,75
9463,57
9464,97
9465,54
9466,41
9467,48
9468,83
9469,41
9470,57
9471,92
9472,52
9473,22
9474,90
9475,30
9476,85
9477,57
9478,54
9479,41
9480,54
9481,92
9482,57
9483,34
9484,19
9485,92
9486,54
9487,57
9488,52
9489,22
9490,34
9491,58
9492,49
9493,57
9494,8
9495,54
9496,34
9497,57
9498,57
9499,54
9500,96
9501,34
9502,34
9503,54
9504,68
9505,2
9506,87
9507,77
9508,2
9509,57
9510,52
9511,41
9512,19
9513,96
9514,60
9515,49
9516,48
9517,30
9518,40
9519,57
9520,54
9521,30
9522,57
9523,21
9524,69
9525,57
9526,41
9527,68
9528,8
9529,68
9530,13
9531,22
9532,57
9533,77
9534,2
9535,75
9536,13
9537,57
9538,34
9539,19
9540,49
9541,23
9542,90
9543,41
9544,83
9545,30
9546,68
9547,86
9548,41
9549,49
9550,34
9551,41
9552,54
9553,83
9554,1
9555,57
9556,34
9557,18
9558,22
9559,8
9560,13
9561,44
9562,96
9563,62
9564,49
9565,92
9566,57
9567,19
9568,57
9569,22
9570,97
9571,23
9572,58
9573,19
9574,92
9575,34
9576,54
9577,30
9578,24
9579,46
9580,57
9581,34
9582,34
9583,90
9584,23
9585,13
9586,54
9587,28
9588,92
9589,75
9590,1
9591,68
9592,22
9593,57
9594,13
9595,57
9596,58
9597,2
9598,24
9599,68
9600,20
9601,68
9602,41
9603,19
9604,57
9605,41
9606,19
9607,34
9608,40
9609,54
9610,92
9611,92
9612,57
9613,83
9614,75
9615,2
9616,46
9617,58
9618,48
9619,40
9620,13
9621,52
9622,68
9623,30
9624,8
9625,95
9626,85
9627,34
9628,30
9629,92
9630,41
9631,68
9632,5
9633,54
9634,34
9635,57
9636,75
9637,40
9638,30
9639,92
9640,46
9641,54
9642,5
9643,57
9644,30
9645,34
9646,8
9647,19
9648,24
9649,57
9650,2
9651,96
9652,57
9653,68
9654,48
9655,57
9656,57
9657,57
9658,34
9659,92
9660,92
9661,34
9662,58
9663,48
9664,30
9665,57
9666,2
9667,57
9668,95
9669,41
9670,34
9671,48
9672,62
9673,92
9674,57
9675,52
9676,13
9677,34
9678,58
9679,86
9680,40
9681,83
9682,19
9683,54
9684,5
9685,41
9686,34
9687,57
9688,52
9689,34
9690,57
9691,34
9692,13
9693,34
9694,19
9695,58
9696,13
9697,95
9698,57
9699,34
9700,56
9701,83
9702,90
9703,57
9704,48
9705,40
9706,68
9707,41
9708,41
9709,2
9710,48
9711,83
9712,57
9713,19
9714,57
9715,13
9716,9
9717,73
9718,2
9719,30
9720,58
9721,55
9722,30
9723,19
9724,54
9725,92
9726,19
9727,40
9728,34
9729,13
9730,41
9731,46
9732,68
9733,2
9734,83
9735,41
9736,68
9737,92
9738,96
9739,19
9740,34
9741,76
9742,2
9743,19
9744,40
9745,86
9746,41
9747,34
9748,92
9749,75
9750,13
9751,40
9752,13
9753,54
9754,90
9755,9
9756,68
9757,2
9758,57
9759,30
9760,41
9761,52
9762,64
9763,21
9764,19
9765,30
9766,8
9767,69
9768,22
9769,64
9770,64
9771,52
9772,19
9773,52
9774,57
9775,57
9776,34
9777,68
9778,34
9779,64
9780,54
9781,57
9782,49
9783,19
9784,64
9785,96
9786,30
9787,86
9788,2
9789,57
9790,97
9791,64
9792,19
9793,49
9794,62
9795,30
9796,19
9797,13
9798,68
9799,83
9800,2
9801,13
9802,48
9803,41
9804,34
9805,34
9806,57
9807,75
9808,90
9809,68
9810,57
9811,48
9812,19
9813,34
9814,92
9815,13
9816,34
9817,8
9818,8
9819,76
9820,8
9821,52
9822,49
9823,41
9824,60
9825,57
9826,19
9827,13
9828,22
9829,34
9830,21
9831,83
9832,2
9833,48
9834,24
9835,13
9836,19
9837,39
9838,68
9839,34
9840,22
9841,57
9842,6
9843,46
9844,92
9845,83
9846,34
9847,64
9848,22
9849,83
9850,52
9851,34
9852,57
9853,54
9854,96
9855,68
9856,40
9857,68
9858,34
9859,64
9860,30
9861,1
9862,57
9863,62
9864,57
9865,54
9866,54
9867,69
9868,91
9869,90
9870,96
9871,13
9872,41
9873,86
9874,82
9875,48
9876,83
9877,13
9878,48
9879,30
9880,85
9881,75
9882,48
9883,19
9884,34
9885,19
9886,64
9887,92
9888,57
9889,96
9890,30
9891,92
9892,34
9893,57
9894,24
9895,68
9896,95
9897,92
9898,2
9899,30
9900,52
9901,30
9902,34
9903,41
9904,92
9905,23
9906,19
9907,34
9908,83
9909,57
9910,86
9911,24
9912,57
9913,85
9914,34
9915,54
9916,13
9917,75
9918,60
9919,97
9920,83
9921,68
9922,19
9923,68
9924,68
9925,30
9926,58
9927,58
9928,48
9929,57
9930,57
9931,30
9932,8
9933,34
9934,57
9935,39
9936,41
9937,95
9938,19
9939,34
9940,83
9941,57
9942,19
9943,92
9944,57
9945,77
9946,95
9947,92
9948,8
9949,57
9950,96
9951,57
9952,6
9953,41
9954,68
9955,33
9956,57
9957,92
9958,68
9959,49
9960,19
9961,33
9962,62
9963,48
9964,19
9965,34
9966,34
9967,48
9968,6
9969,68
9970,96
9971,34
9972,23
9973,49
9974,54
9975,92
9976,34
9977,96
9978,19
9979,75
9980,30
9981,52
9982,64
9983,19
9984,13
9985,19
9986,97
9987,34
9988,19
9989,13
9990,54
9991,30
9992,62
9993,30
9994,69
9995,92
9996,19
9997,18
9998,34
9999,92
